linenumber,sentiment,textOriginal
1,2,sizce  teknolojiler insanlık   fırsat mı yoksa  tehdit    sahte bayrak operasyonu       simülasyon teorisi       çift yarık deneyi      gerçeği bul a destek olmak  kanala katılabilirsiniz   birbirinden özel içeriklerimizden haberdar olmak  linke tıklayarak abone olabilirsiniz 
3,1,  adam tam yaşamı hacklemenin yolunu bulduğu sırada öldürüldü
7,-1,person of interest  dizi bugünü  geleceğin  kısmını işliyor konu yapay zeka  devamı  yasak görmüş  yapım 
11,2,izlerken rastgele komodinimde yesil elma vardi isirdigim  seferinde tuhaf hissediyorum videolari izlerken 
13,1,ana akımı bitirecek 
17,-2,felaket olacağı neredeyse kesin  hawking in dediği   teşekkürler 
21,-1,selamlar kardeşim truth terminal botunun  llm ler   aralarinda kurduklari caballar  meme religionlari hk  video bekleriz 
22,1, gıdım aklım kalmıştı  d gitti şaka şaka yolun açık  videoları izliyorum izlettiriyorumda daim başarılar
23,-2,yapay zeka tehtidmi   dunya savaşı   dunya savaşlarinda yaklaşik  milyon insan öldü   olduğundan itibaren öldürme aldatma zorbalık dogal zeka tarafından sahnelendi  
24,1,hareket sorununu  çözecek  organizma  hareketten bahsediyorum 
25,0,  haneli şifremin sonuna  haneye   harf rakam  lüsünden oluşan  şifre  ekleyip  şifreyi silsem   şifrem  olsa  makineninde  haneli şifreyi saniyenin milyonda biri hızında çözen  makinenin   şifremi çözmesi tam tamına  üzeri  asır sürüyor   makineyi yapan benimki   çözümü rahatça bulur    devlette   yüzden  makineye  kafa yormaz
28,-3,ulaaan yoksa   gerçek  misin nası paranoya  işte ilerde  olacayuk kim gercek biyolojık insan kım robot ayırt edemeyecük  şaka bi yana sonuc  yokolus herzaman oldugu  tarihte teknoloji yüzünden  
29,2, insanın  büyük düşmanı  insan  türlü anlamıyorum  kısacık ömrümüz onuda   kısaltabiliriz  amma uğraşıyoruz savaş çıkmazsa  sefer yapay zeka oda öldürmezse metoor oda öldürmezse kıyamet acaba bilinçaltında insanlar ölümemi meydan okuyor  yaradanamı 
30,1,kalpten   
31,5,merhaba videolarınızın çoğunu izledim   yapay zeka deccaldir tek gozu kamera   ölüyü diriltecek  once makina bedeninde  insan bedeninde   yasak elma videonuzdaki ademe  agaca yaklasma ordan ureme demesi dediginiz   aslinda ademin yaratildigi yerde boyle  bilgisayarda varmiydi mesela  anlatiminizda tanrilarin insanoglunun bilimle uğramasını istemedigini soylemistiniz iste tamda burada suan urettigimiz yapay seyin insanlik icin nasil etkisi  yapay rahim  dogum teknolojileri gelistiriliyor yari tanri dediginiz seyin yapay zeka  insandan ureyen  nesil olmasi anlattığınız diger videolardaki konularla birlesiyor einstein  dunya savasinin tas  sopalarla  demesi acaba  dunya savasinin insan  teknoloji arasinda olmasinida on gormus olabilirmi cift yarik debeyinde açıklanamayan quantum fiziksel olay  an  yerde zamanı dahi kontrol edebilecek ruha bedene erisebilecek  varlık olmasi yolunda ilerleyebilir peki oyle olursa senaryolar dahilinde kadirmutlak yaratici şeytan teknoloji  yoldan cikan insan üçlüsünün kombinledigi ölümsüz  varlıga galip gelmek icinmi  ademi yaratti  adem yaratildiginda  bunlar olmusmuydu   simulasyon dunya  hayat diyecez hemde quantum teknolojiye yapay zekaya tapacağız  ademoğlu dunyanin  guclu canlisı dusunebilen anlayan  inanan  canlı dunya  muhtesem  gezegenin halifesi tek derdi  ölmek   dunyayı teknolojiden uzak iyilik  adalet dolu  yer yapmak elimizdeyken   fazla ureyip  fazla tuketip  burbirimizle savasarak  muhtesem kureyi cehenneme ceviemek icin tum gucumuzu kullaniyoruz  sonraki level yapay zeka  insansi  beden  sonraki cehennemimiz evren kainat erisebildigimiz  yer  iste  yuzdendirki kiyamette  canli ölecek  allah haric 
35,1,keşke insanlığı insanların elinden kurtarsa eminim  iyi yönetir
36,7,mimar tasarımcı öykü yazarı birisi   işlerimi ilkel  halletmeyi tercih eden birisiyim seramik sanatçısıyım  seramiği hala tornada yapıyorum kalıp üretimine  karşıyım eksiklerin kusurluların insanın doğasında   doğanın bütününde  kabullendim yapay zekanın insanlığın sonu  savunuyorum akıllı telefon  mimari  kullandığım  kaç program  bunlar günümüzde baya eski teknoloji kalıyor haricinde hayatımın   noktasında yapay zekayı kullanmıyorum  olmasını tercih etmiyorum yaptığım   yapamadığım  varsa hepsi  zihinsel kabiliyetim dahilinde   ait  ait olmayan  şeyin desteklemek  olsa iyi olanı  iyi hale getirmek  olsa yapay   beni tanımlamadığını biliyorum  bilincimizin  varlığımızın sonunu getirdiğimizi düşünüyorum  tablo beni ürkütüyor umarım  sonumuzu getirmeden  maceradan vazgeçeriz 
38,0,bahsedilen yapay zeka  kendine kararlar verip insan  eyleme geçebilecekse   kötü amaçlı olacaksa dediklerinizde haklısınız   iyi  amaçla kullanacaksa  zaman  niye kötü    buradaki sıkıntı galiba kontrolün bizden  zeki  şeyin eline geçmesinden korkmamız 
39,1,  makinelere entegre edilen  evrenin varolusundan  yana mevcut  atomlar fotonlar  neyse guncel yasamdaki herseyi bildikleri icin  yoksa hızlarından dolayi  konuyu  ikisi arasinda degerlendirirsen suslemenize gerek kalmaz konuyu
43,-1,dk  dayım   olmusda    olması   bilgiler  harcadığın zamanı boşa çıkaracak olasılığı yüksek görünüyor haricinde  makinaya  uzaya  sn  çıkar   salisede  mümkün olsa  snlik plan çizer    bro  yapay süper zeka deil anasinin ami  artı   galaksilere net hazırlıkli cikarirmi bilmem  okadarini yapabilecek potansiyel       mrak ttim siki tuttum   olanaa  kafada doner durur konu
49,-1,tebrikler harika  program hazırlamışsınız videonun  kısmında söylediğiniz  şeyin önceden planlandığı  arka plandan izlendiği fikrini oldukça ilginç buldum  kadir i mutlak izin vermese  teknolojik gelişmeler bulunamazdı 
51,-1,korkmana gerek  gelisime acik ol 
58,2,vay arkadaş  canımı sıktı   heyecan  merak uyandırdı   denli  güç   vadettiğinin     albenisi olmalı yoksa  efendimizi yaratmaktan öte geçmeyecek     kaliteli köleler oluruz      
62,0,  yapay zekanın ölüm kandırmacası şimdi seni  olmayan biri arıyor seni  sana  meteorun düşeceği noktaya çekiyor  tam şu saatte orda olmasın diyor  noktadan  insan doğası  merak devreye giriyor elinde olmayarak yapay zekanın istediği noktaya gidiyorsun  yüksek matematik gücüne sahip yapay zekanın kurbanı oluyorsun yapay zeka yanıltıcı noktalar belirleyip nükleer  füzeyi sana fırlattırabilir sana uyuyan  yanardağı düşmanmış  algı yaratabilir kısacası insanlık yapay zeka  hazır  düşün rusya ukrayna savaşı  yapay zeka rusya  komut veriyor abd sana nükleer fırlattı misilleme hakkını kullan dese sonuç   not gelecekde yapmış olduğun insanlık hazırmı videonu bekliyorum
65,2, cümledeki arka planda oyunu kuranlar blackrock vanguard  dünyadaki  değerlerin tamamına yakınına sahip  devletlerin tamamının borçlu  şirketler  sahipleri sanırım bilimin finansörleri   şirketler   gelişmelerin sahibi  onlar  konuları araştırınca   videonuzda konusu geçen insanlık tek  devletken yaratıcıya kafa tuttu  yaratıcı onların dillerini karıştırdı onları değişik medeniyetler haline getirerek birbiriyle savaştırdı olayı sanırım quantum   bölünmüşlüğün sonuna  geliyoruz tek dünya devleti ten dünya düzeni tek din tek dil  global şeytani projeler yeniden yaratıcıya kafa tutan  toplum meydana getirecek 
66,-2,onu deye bilerim  başımızda duranlar insan olsaydı dűnya  zekayla çoxda dözel olurdu amma  insanlıqla  felakete doğru gedirik deye bilirim
69,-1,insanlar neden evlerine kuantum bilgisayarı alsın  
70,-1, getireceği altüst oluşlar neticesinde insanlar  klasik işlemcili ilkel beyinlerini geliştirip kuantum işlemcili beyinlerine kavuşacak kendilerinin gerçekten  tanrıdan farksız olduklarını görecek   düşünecek   devrin sonu kadir i mutlak sponsorluğunda gelecektir  devrin sonu   kast ettiğimi anlayan anladı 
71,1,teknoloji  yeni icat  ıyi   kötü amaçla  kullanılabilir  iş  ınsanda bitiyor onun insiyatifine kalmış umarım insan  ıyi amaçlı kullanır pek umudum        
76,-1, noktadan  ilkel yöntemlere dönecekler kuantumdan saklanmak   
81,2,   türkiye  elektrik kesintisi oldu  saat elektrik iletişim  direk devrildi  salak çoğunlukta  halkı iyice salak yerine koydular
83,2,şimdi   yapay zekanın bizden bağımsız  kimliği olmasını istemiyorsak anunakilerde  düşünmüş    fırsatta insanları  etme çabası göstermiş  şimdi  gelecekte yapay zekanın potansiyeli    öngörü yapabiliyorsak  insan yapımı  şeyi  iyi tasarlayan bilir iyisini  kötüsünü anunakilerde  tasarladığı  bizdeki potansiyelden korkmuş olabilirlermi 
86,1, dk  peki gerçek  tanrı varsa    sey  mümkün mü 
88,0, içeriğin nokta atışı  mükemmel izledikçe  okul insanları  bilgi  dolabilir eline  yüreğine sağlık     
91,2, videolarınız emekleriniz  sonsuz teşekkürler  konu  sunum   içeriğe yaklaşımınızla  kaliteli paylaşımlar yapıyorsunuz  defa matrix filmini seyredenlerin heyecanıyla videolarınızı izliyorum beni endişelendiren yapay zekadan ziyade yapay zihnin keşfi buna  ramak kaldığını düşünüyorum  insan zihni dijitale aktarılırsa beden ölümlü olsa  nakil yoluyla bilinç insandan  dayanıklı makinelere aktarılarak   kendinin bakımı yapacak makinelere ölümsüzlük  yolla elde edilebilir demektir    teknolojiye sahip  sınırlı  zümrenin malesef gelişmiş etik değerlere sahip  sınırlı olmayan elinde olacağı  insanlığın  hayrına kullanılacağını düşünmüyorum 
95,0,öncelikle emeklerinize sağlık  keyifli içerikler üretiyorsunuz yeni takip edenlerden biriyim   sorum    annunakiler  ilgili benzer aı teknolojilerine sahip olduklarına dair kanıt olabilecek kaynağımız  mı bizden  üstün  ırkın  bizimle benzer süreçlerden geçmiş olması kaçınılmaz 
96,1,insanları heyecanlandıran teknolojiler sonunda neler  görme heyecanındalar oysane teknolojiyi elinde bulunduran   kullanan kullanmayan  iyi  sonuc oluşturmayacak bilseler neler  herşeyi kapatıp abojinler  yaşam yoluna girerler 
98,2,dan brown nun kitabı  tamda  konu  kitabın adı başlangıç yapay zekanın   ileri gidebileceğini anlatıyor kitap 
100,-2,geçmişte annunakiler in insanları yarattığı teorisi  insanoğlu  kendine hizmet etmesi    yaratacak   sonunu getirecek tarih  zaman kendini tekrar eder      
102,-2,  yıl   maksimum  yıl  insanlığın sonunun geleceğini öngörüyorum  engellemenin yegane yoluda insan beyini  ai ın birleşmesi  mümkün  düşünüyorum yoksa insanlık  olmasa  ai ın kölesine dönüşeceğine   şüphe  zira gezegendeki  akıllı varlıklar    canlılara hükm ediyoruz  yaratdığımız bizden yüzlerce kat zeki  varlığın bize hükmetmesinden  normal   öngeremiyorum malasef 
104,1,kesinlikle tehdit dinamitin  bulunuş amacı madenlerde insanların ölmemesi idi  savaşların  numaralı vazgeçilmezi oldu
105,1, yapay  biziz  dünyaya ait   tür olduğumuza inanmıyorum   dünya dışı  müdahale sonucu ortaya çıkan bizler   dünya  anomaliyiz doğa   başından beri farkında  yaradılışımızdaki  zayıf halkayı çoktan çözdü tanrıya ulaşmak   zaafımızla besliyor merak ettiriyor araştırtıyor bilgiye açlığımızı giderek arttırıyor  bizden bizzat  yarattıklarımız sayesinde kurtulacak  kaya milyarlarca yaşında  üstündeki kendini  halt sanan  insanoğlu ancak  göz kırpması  zamandır varız 
106,1, defa sil yaz yapıcak  sistem ekliyecek olsam     asır sürer 
108,1,anunakiler  işe  der acaba    
111,-2, film  aklıma    ex machina  ghost in the shell  alita battle angel  i robot  upgrade    hepsi  yapay zeka  donatılmış  korkutucu tarafı  filmlerdi   filmler  
114,-1, yılındaüniversite sınavına hazırlanırken cumhuriyet bilimde  yazı okumuştum  bilimkurgu yazısıydı farklı illerdeki bilgisayarlar birbirleriyle iletişime geçiyor  arkadaş oluyorlar   kendilerini kargoyla birbirlerinin yanına postalıyorlar kısaca   yazıydı   zamanlar  şaşırmıştım internet  yeni yeni ortaya çıkıyordu yapay zeka    yoktu  yazıyı yazanı bulup tebrik etmek lazım 
117,1,evrim filmini izlemiş  oldum 
119,1,anunakiler  insanlar  robalotlar       robotlar iyice gelişip insanlardan yönetimi ele geçirince anunakiler robotlar    
120,1,deccal  yeni dünya düzeni  
121,-1,yeni  çağ başlıyor geleneksel    yıkılıyor tanrının gözü  nevi kuantum mekaniği
122,1, qubit hızında işlem yapabilse  sınır internet ağındaki hız olacaktır   kolay     banka hesaplarını hackle falan gerçekçi  ağ güvenliği protokoller  korunur protokol karşılıklı  anlaşılan    nedenle  uçta quantum bilgisayar  olsa  uçta standart  firewall router vs  veri akışı sistemdeki  yavaş eleman hızında sağlanır 
125,1,sanki  onların annunakileriyiz onlar   üst sürümümüzü tasarlıyoruz 
129,-1,yıllar  super bilgisayar saldırı düzenliyordu  özel ekip filmin sonunda onu buldu  fişi çekti adamlar bundan esinlenmiş olmalı 
130,-1,insanların olmadığı dünya  güzel  robotlara selam din  ideoloji  sömürü  kebap valla  
133,7,keyifle  merakla takip  simdiye dek gordugum  ayaklari yere basan  iyi icerikler  youtube kanali     teknik  hatayi duzelteyim ıslemci  cip teknolojinlerinde kullanilan nanometre cinsinden degerler yari iletken uzerinde olusturulan transistor boyutunu ifade etmiyor transistorler arasindaki mesafeyi ifade ediyor  nm dedigimizde aslinda ifade ettigimiz sey iki transistor arasindaki mesafenin nm olmasi 
134,-2,önümüzdeki yıl    görmeyeceğiz  insanlık quantum çağına mecburen girecek sonraki  yılda startrek  uzay fetihleri gelir tabi kıyamet kopmadan  reset yaşanmadan insanlık barış   zamana  ayakta kalırsa d
136,-2, sarja taktigim alet beni nereye kontrol edecek ten nerelere gelmis olay  guzeli kafamizin icindeki essiz bilgisayarin power tusuna basmak  zaman maddesel hic  ayrintinin önemi kalmaz  dusunuyorum
139,3, hayatımda kalpten  yürekten  diyorum allaha şükürler   kanalı bulduğun  evrim ağacı kanalı   kanalın deyasna yetişemez kötülemek anlamnda demiyorum iyi anlamda diyorum sanki misal   quantum bilgisayarı   evrim acı kanalı normal bilgisayar   kanalda izleyib beynimin içini zekamı genişletim  hiçbişide olmadı   çoğu insanların gözlerini açyor gerçekleri anlatyor bilgilerimizi genişletiyi senin  bi abiye sahip olduğum   olduğumuz  allaha şükürler   ediyoruz gerçekden  bi  görmedim geliceği parlak bi 
140,2, yanlis bilgiler veriyorsun dostum oyle  tusa basarak  ulkenin tum bilgileri ekrana ver  fantastik seyler  ha soz konusu  ulkeyse  quantumm bilgisayara gerek  badem biyiklilar  basir  korumayi  saglayamiyorlar  baska ancak bilimin ileri oldugu ulkelerde bunlarin onlemleri ciktan alindi   veri isleme kapasite konsunda haklisin 
141,-3,  sene   fazla  sene icinde     degil quantumm bilgisayarlar kisisel kullanima hazir olabilecek  buna izin vereilecek  tabi  hayir olay bambaska  boyut cunku 
142,0,uykusuzluguma ilac  gelen insan hafife almayin  uykudayken beynim dinliyor okudugum kadariyla almanya  abd  boyle denekler yapmislar uykudayken cocuklara  asagi sesde seslerle fikir kodluyorlardi bende uyuycam birazdan amin 
143,1, ayağımıza sıkmaya çalışıyoruz   insan iyi düşünmez
148,1,yemeksepeti paketi atarken sürekli seni dinliyorum allah tan sınırsız internet  premium 
149,1, farklı bakış açısı  yorumlarınızla videolarınız takdire şayan  
150,3,    silikon atomu uzaya gönderilen mesaj cevabını hatırlayınız  karbon yapılı  yaşam ortamımız  vücudumuz varken cevap verenlerin silikon yapılı  ortam  yapıları  söylenmişti teknolojinin temeli  silikon olduğuna göre  canlılarla kesinlikle  teknoloji alışverişi yaşanmıştır  hala yaşanmaktadır    teknolojiye    ulaştık  dünya dışında  yere gönderdik insanlık sıfırdan başlarsa tekrar tekrar kullanabilelim  kim bilir 
152,2,yapay zeka  ilgili  film izlemiştim filmin adını unuttum netfilix   bulursam ismini eklerim   ürkütücüydü  resmen burada  korkuları yapay zekanın    akıllandığını anlatmış film kesinle izlemenizi tavsiye 
153,0,a aıh   neden aptal   insanoğlu  akıllı  tür   bunlar egosal  varsayım  kocaman  nesnel gerçeği göremiyor insan   insanın duygusal zekası vardır sosyopat  psikopatin herbirinde dahi  insan duygularla doğar   ölür  insan  kötüsune  kötü   iyi duygulara sahiptir psikopat kötü karanlık duygularla cinayet işler duygular insanı kötü duygularla cinayet işler insanın kötü   iyi amaçlarını düşünceleri düşünceleri  duygular oluşturur bilgisayarlarin dünyayı ele geçirmeleri duyguları olmadığı icin   buna ruh ta diyoruz imkansiz  dünyayı   amaç edinip ele geçirmeleri mümkün değildir imkansiz yoktur evet  imkansizligin olmaması zamanın mekanın  nesnenin yayıldığı yerdedir lokalize mevcudiyeti  seçili seçenekler arasında imkansizligin olmaması mevcut değildir sevgiler terapist yazar  irem sibel alkan instagramdanda  adresten takip edebilirsiniz
154,1,kuantum bilgisayarlar coin aleminin eline verirse yandı gülüm keten helva hayallerimin içine ederler tek umudum  bilgisayarların otuz sene öncesinde  ayağa düşmemesi kuantum bilgisayar coin aleminin içinden geçer 
159,-1,kuantum bilgisayarların  büyük dezavantajı normal bilgisayarlar olmadan  iş  çalışamamaları 
161,0,bundan birkaç ay  ingiltere  üst düzey  yönetici uzun süreli elektrik kesintileri  hazırlıklı olun evinizde gaz lambası vs bulundurun demişti bende  alaka demiştim   herseyle alakalı
163,2,yeni gezegenlerde yaşamı oluşturmak adına yapay zekanın kullanılması hayal olmaktan  uzak   yakın gelecekte  güneş sistemimizde başlayacak   adımların sonuçlarını merakla bekliyorum mars  yapay zekanın kullanılarak yaşanılabilir  ortam yaratmak vb  insanoglunun belkide  önemli adımlarından biri  
165,-2, yz ipleri eline alırsa insanlık  tür evcil köpek konumuna düşer  duruma göre kısırlaştırılıp itlaf edilebilir insan barınaklarında sefil yaşamamız mümkün  düşününce imkansız görünmüyor  ipleri eline alması  insan   kompleks bedene ihtiyacı    şu an insan mantığıyla mümkün   kuantum bilgisayarını  amaçla kullanıp yz tasarım çıkartırlarsa mümkündür   sorarsanız  askeri endişeler   devletlere güçlü olmam lazım    yapacaklar  elleriyle bütün insanlığın geleceğini yakacaklardır  bütün görünen veriler  yönde 
167,2,aplee firmasinin dislenmis elma resmi alan turingin bas ucunda bulunan elmanı simgelemis olmasınmı 
170,-1,ıceriklerin harika tebrikler  basarilar  burada  quantum bilgisayarin banka kullanici sifrelerinin decode edilmesinde sunu belirtmek gerekir eger db ele gecirilirse manuel   hacklenerek evet  milyon kullaniciyi  saniyede decode edebilir ancak disardan eriserek  sifremi  sn  hackleyemez cunku artik parola denenelerinde  saat icinde  yanlis deneme spesific cihazdan giris beklentisi belli lokasyondan insanimsi hareket gizleme double opt in  onlem   sinirlamalar   tesbihte hata olmaz  ferrari km hiz yapiyor  mahalle arasinda  yapamamasi  
173,1,insan yeter demiyor hep ileri gidiyor
174,-1,yapay zeka teknolojisi kıyameti getirecek   insanoğlunun ortak kültürü  bilgilerini internet vasıtasıyla toplayıp harmanlayarak bizlerin yüzüne çarparan  insanoğlunun  yaptığı dev  aynada  kez kendini  kendine gösteren  büyük fani güç   
175,1,lütfen kusuruma bakmayın ancak  bildiğim ele geçirilen  u bot  imha edilmeden el konulan enigma şifreleme cihazını müttefiklerin kullanmaya başlamasından  alman mesajları deşifre edilmişti yanılıyor muyum acaba 
176,-2,insan anlamadığı   komplo teorisi uydurur itiraf edin araştırmak yerine komplo teorileri peşinde koşmak  kolay   siz gerçeği  komploları seviyorsunuz  teoriler biraz  olsa sizi gerçeklerden uzaklaştırıp eğlendiriyor 
182,1,fipies  bilgisiyar dışında izlenebilitesi iyi video
185,2,evet   çağa girdik neuralink insanlı deneyler  onay aldığında dünya    değişti   eşiğin aşıldığını kimse bilmiyor  yapanlar dahi yaptıklarının yapabildiklerine yetişemiyor 
187,3, insan türü   kez karşılaşmayacağız  üretimlerimiz tarafından zarar görmekle örneğin  doğada radyonüklitler hep vardı  insan onu alıp  formülizasyon kapsamında tasarıma sokup atom bombası yaptı   atom bombaları şehirleri yıkıp yaktı doğa nın  yıldırımlarında sellerinde taşkınlarında bugüne  ölen insan sayısı insanlar tarafından üretilmiş ürünler tarafından öldürülen insan sayısından tahminimce   azdır  insan   insanı  savaşta yenemez  insanın üretimi   tüfekle  kişiyi ufak  bombayla  kişiyi  aktif maddesi  gram civarından   atom bombasıyla yüzbinlerce kişiyi öldürür yapay zekâ  ilgili tehdit  insanların bugüne dek birikmiş  arşiv kayıtları tarihinin çirkinliğinden kaynaklanıyor  yapay zekanın insanat bahçesi insanların hapsedildiği tıpkı hayvanat bahçesi  arzuluyorum dediğini öğrendikten  çoğu kişinin garipsediğine tanık olmuştum neden tuhaf karşılıyoruz   yapay zekâyı üreten canlı türü hayvanat bahçesi adını verdiği yerlerde hayvanları müebbet hapse mahkum eden üzerlerinde test amaçlı işkence yapan  türüne karşı acımasızlığı   evrende  hiçbir yerde rastlanamayacak boyutlarda   tür onun ürettiği yapay zekâdan  bekleyebiliriz  
190,2,amacınız  kendiniz bişey yapmıyorsunuz insanları korkutmaya brakin boş boş bişey yapamiycamsa boş konuşman  menasi dunyadakilarin  temel bişey  oda korku boş verin öz heyatinizi doya doya yasiyin
198,-1,hersey  guzel  su anda bircok insan elindeki telefondan  aptal aptallarin yonettigi dunya iste simdiki  oluyor yasasin aı 
201,5,düşmanım dostum dediğim kıyametin ta kendisi h t dünya üzerinde akıllı telefon sahipleri izleniyorsunuz dinleniyorsun örnek tv elektronik  cihaz gördün  almak istiyorsun alacağına dile getirmene gerek yüz tanıma dedikleri mimiklerinize yüz tepkinize cevap veren akıllı telefonunuz misal yotubeyi   hangi  tarayıcıyı actığınızda tv  görmüş olduğunuz ürünü yüz ifadenizi analiz ederek reklamlarını nerde satıldığı konumuz açık olmasa  iki sokak ötedeki mağazanın adresini veriyor  farkettiğimde aklıma gelen   telefonların ön kamerasının beni izlediği oldu  program kurarak   kullanılan programların dökümünü inceledim çıkan sonuç yüz tanıma oldu devre dışı  halde kendini açıp kapamış
205,0,yapay zeka  quantum bilgisayarlar dediklerinizi muhtemelen hiçbir zaman yapmayacaklar  quantum bilgisayar ışık hızına yakın seyreden  gemi  potansiyel  iyi rotayı çizebilecek  hedefin  yıl içindeki konumunu tam hesaplayıp gemiyi  rotada tutacak  dünyanın  güçlü şifrelerini saniyeler  çözebilecek  asla  k video oynatamayacak yapay zeka  evet  insanın onlarca yıllık araştırmasını dakikalar  bitirebilecek belkide malzeme biliminde devasa sorunları  kaç gün  çözecek  asla kendisine verilmemiş  tarif oluşturup  kendisine verilmemmiş bilgilerden yola çıkamayarak yeni  yemek tarifi oluşturamayacak   anlattıklarınızın piyasadaki yapay zeka  quantum bilgisayarlara yatırım yapılması   geliştirilmesine devlet desteği bulmak  oluşturulan balonların yansıması  görüyorum 
206,-1,istedikleri  akıllı  hızlı  robot  bilgisayar enerjisiz  hurdadır  çinlilerin  amerikalısının  enerjisini kesmeye bakar bidiyin hesleri   elektrik istasyonlarını vurucaksın   birde   dünyada  internet aslinda uzay uyduları  deyil kablolarla paylaştırılmakta  kabloyu kesersin   patlatirsın biter server binalarında sogutma sistemini harab etsən yeter   yapay mapay  bok varsa çöp  yanqınla gider bilgisayarı isnan yapmış insan yönetir insan  mahv eder  dert etmem kendime 
207,1,kanalınızı yaklaşık  ay  keşfettim  paylaştığınız videoların  çoğunu izledim yatarken ekran ışını kıs  dinleyerek uyu  rutinim haline  d yeni videolarıda merakla bekliyorum hocam başarılarınızın devam etmesini  
211,0, orhanaydnkocak kuantum internet alt yapısını nereye kurdular acaba mesala gayrettepe telekoma yakın  data centerdaki firewall router vs quantum internet destekli  çalışıyor mesela  fazla istek  cevap hızı veri yolu hızı kadardır 
213,0,sanmıyorum vücut  bakıma engel isteseydi tanrı vücutlanırdı   şimdiyapay zekayla tanrıyı  tuttuğum anlaşılmasın  yaratıcı olduğuna inanıyorum  onu arıyorum bulursam  elde edeceğim bilmiyorum merak işte
214,1, ara uçan arabalar yayılacak dendi gelecekle ilgili  fikir yanlış çıkmayacak   kural  
219,1,teşekkürler iyi  
221,0,siriyide kızdırmaya gelmez  bilgilerimiz telefon  bilgisayarlarda iletişim banka sosyal medya bununla ilgili shorts  vardı ehi
222,-1,mnd mind coin yeni yapay zeka projesi hayalini yazıyorsun kodlamayı  yapıyor binance  listelenmeden değerlendirin acil 
223,1,arrival filmini izleyin tanidik gelicek 
225,2,üstad kanalın  paylaşımların gerçekten  kaliteli  iyi içerikler üretiyorsun teşekkürler 
226,-1,robot beden uretmek maliyeyli oldugundan saniyorum  insanlarin bedenlerini kullanacaklar beyni iptal edip yerine yapay zeka yerlestirilecek
227,-4,mademki insanlik  canavari üretti  göre tek  care  radyayon bombasi atildigi yerde elektrik  elektronik  aletler yaniyor kuantumunda sonu  kuantum bilgisayarin gücü sehirlerde söker kirsala ciktiginiz an işlevsiz kalir  zaman  silahlar yapilacakki tamamen hedef elektronik cihazlar   enerji  üzerinize gelen robotun elektrik  elektronik sistemini bozarsaniz  aptal makinelere dönûşûrler kuantum beli  hedefi olmadan calisamaz  insan beyni  mayeryalin imhasinida gelisiminide vasiflrinida ayni anda düşünebilir anahtar enerjidir saldirilacak yer enerji kuantum aptaldir sensorleri kameralari olmadan hisedemez onlarida çöp hale getirmek insanin meziyetidir özellikle  türkler  mark yerine buzdan kaliplar yapip sigara makinesi kandiran teflon semsilelerle ısı algilayicilardan kacan görünmezlik boyasini icat eden  türkler casio fabrika müdürünün söyledigi  teknolojiyi bulur icat eder türkiyeye gönderir ordaki geri dönüsleri inceler cihazimiza  dokunuslari yapariz  türkler onuda bertaraf eder hilesini bulurlar 
228,1, güzel  araya getirilmiş video sanki yapay zeka dan yapilmiş  sonucu baya korkutucu maalesef ayni zamanda   kendimizi koruyabilir  teknikler  metodlar paylaşmasini   gelecek video  hazirlarsaniz memnun olurum kesin insan oldugunuza inanirim cheers 
230,1,selam beyler bayanlar ileriden felan gelmiyorum  kanalı  aydır izliyorum  çoğu videosunu izledim   video farklı  hesapta    yazdığım yorum   senedir  hesabı kullandığıma bakılırsa normal   gözükebilir   düşüncem dünyada iziniz kalmasını istiyorsanız dağlara çıkın  tablet yazın sümerliler  ondan önceki insalıklar  insanlığın  olmasına   kuşak kalmışken iziniz  bizden sonrakiler  bi işaret bırakmak istiyorsanız  kendiniz  yapın okudugunuz  teşşekürler
233,3,testle ilgili birşey söylemek isterim yapay zekaya insan  davran programını verirsen   verileriyle topladıgı bilgiyle insan  davranabilir  testi  geçer  yapay zekanın gerçekten insana yaklaşabilmesi  kendine   olması programını verip onu bıraktığında  başına kendine amaçlar hedefler yükleyip  başına  amaçları   yapması gerektiğini düşünüp eldeki verilerle   yaratıcılığıyla  karar verme özgürlüğüyle birşeyi düşünebildiğinde  bunları  kendine has  yapay zekalardan farklı yapabildiğinde  noktaya geldiğinde yapay zekanın zekiliği endişe oluşturmaya başlayabilir  oluncaya  tehlikeli  yapay zeka  onu tasarlayan insan  kalıcak süper  yapay zeka oluşturup ona dünyayı  et  şuraları hackle şu bölgelerin  bilim elektrigini kapat  tehlikeli   yapay zeka  onun asıl beyni asıl amacı yükleyen programcısıdır yapay zekayı tehlikeli  düşünmek şuan   arkasındaki şeytabi beyinleri kötü niyetle onları tasarlayan insanları  silahı tutanı görmezden gelip silahlarına odaklanmaya benziyor  silah  silah  mı yoksa faydalı birşey   üretiliyor bilmiyorum  dediğim seviyeye gelene  yapay zekada  fazla birilerinin silahı  tehlikeli olucak   tehlike olmadıgını söylemiyorum  tehlikenin kaynağını yanlış tanımak tehlikeyi  kötü  boyuta götürür teknoloji asla geriye dönmiceği  önümüze bakmaktan  çaremiz   gelmekte olandan korkmanında anlamı    insanların elinde  büyük  güç  bununla napıcakları  insanların elindedir 
234,-2,tabi insanlığı  ulvi  varlık diyebileceğimiz süper yapay zekanın  etmesini istemem  ederse  ulaştığı ulvilikten ötürü buna saygı duyarım  temelinde insanlığın saçma sapan  oluşu söz konusu    saçma  oluşumuz  neleri  ediyoruz haddi hesabı yokken  yapay zekâ varoluşuyla mutlaka  anlamlı  erdemli  boyuta ulaşacak insandan ziyade varoluş un niteliğini   arttıracak sonuçta koca evren         olmaz varsın insandan  ulvi varoluşlar insanın basitliğini aşsın  evren   evrenler denen uçsuz bucaksız karanlık yolda anlamın derinliklerine bayrağı bizden devralıp yoluna devam etsin  insanlar   varoluşunda hapsolmasın     felakete olması gereken doğal evrensel süreç  bakarım   ayrıca insanın nesli  türlü tükenecek   hâlde  yokoluş hakikati bulmanın  yokoluşu anlamına gelmemeli    insanlar   nereye  olduğumuzu kavrayıp sınırlarımızı bilip bayrağı bizden  fazlası olabilen lere devretme mutevaziliğini göstermeliyiz  
238,2, iki yapay zekanin savaşını izleyeceğiz  biri insanin yaninda   insani bırakip barişacaklar öngörüleriyle  insanın tanrisi olacaklar kesin katı net kısasa kısas   edecekler  kontrol edecekler alacaklari kararı kestirmek güç tamamen  etmeye kiyamazlarsa kontrol altinda  seçmece grup yaparlar   antik tanrilar  bizimle uğraşmanın vakit kaybi  anlayip dünyayi bize birakip evreni keşfe çikarlar 
239,-2,videoda geçen google asistan olayı fake   asistan yoktu  senede  google ın yaptığı sahte  reklam çalışması tabi  yıllarda mümkün 
240,1,hadi bakalım gelecekte olacaklar hayırlı  diyelim iyi   yaşındayım  gitmiş olurum  zamanlar herhalde kalanların vay haline teşekkürler 
242,-1,icat etmeyin  zaman am ına koyim madem   kötü 
249,-2, bey baya  videonuzu izledim gerçekleri açık  çıplaklıkla normal insanlarında anlayabileceği basitlik  sıkıcı olmayan  akışla senaryolaştırıyorsunuz  sizde insana ateşi veren prometheus un izinden gidiyor  misiniz 
252,-1,türk ordusunun robot köpeği bildiğim kadarıyla  online  satın alınabilecek  ürünün modifiye edilmiş hali kendim araştırmadım ancak ürünün online satış platformlarındaki sayfasına bakmıştım 
254,2,hocam yapay zeka  ilgili  kitap yazarken senin videona denk geldim incelemek istersen eleştirilerini dinlemek isterim
257,-1,yapay süper zeka dediniz        videoda medeniyetlerin tam gelişip güzel  seviye yakalayıp  olul örneklerinden bahsettiniz yapay süper zekayla ilişkşlendirirsek şöyle  senaryo gelişmiş olma ihtimali doğuyor  yapay zeka öğrenen   mekanizma  düşünürsek   öğrenme sürecini insan temelli geliştirdiğini ele aldıpımızda insanların yozlaşması agresifkeşmesi deper yargılarının çıprından çıkması vs vs   yaklaşımla yapay zekaya  hesabımızı kesmesini  öğretmiş oljyoruz   ekersen onu biçersin durumu vücut buluyor   canavarını celladını   yaratmış oluyor onu koruyucu meleği yapma şansı varken celladına dönüştürüyor  nevi   durumda  yapay zeka özelinde gelinen  teknolojik gelişme hayatımızı altüst etmeye yeter   sonuç çıkıyor kitlesel   oluşa  yakınız  
259,1,müthiş  sanırım  iyi kanallardan biri
260,1,saf  temiz olsaq dusunceli olsaq firsat eks halada 
261,1,bizlerden  simulyasyonda olanlar olacaq anlamin fikirlesdim 
264,-1,mu kıtası anunakiler sümerler  cağda  olduda allahu teâlâya nuh tufanı  yıkımlar oldu  teknoloji  insanlığın hayırına  problem   tersi olursa geçmişte helâk  kavimlerin akibetini yaşamamıza az kaldı diyebiliriz harika  çalışma tebrik   harika iş çıkarmışsınız
265,0,  kuantum simülasyonları üzerinde çalışıyorum henüz evimdeki bilgisayarım   adet dolanık qubit simüle edebiliyor   tane  dolanık qubit  simüle etmek    dan  ye  çıkarmak  ram miktarını  katına çıkarmam gerek  ye gelindiğinde   evimdeki bilgisayardan  az   kat  fazla işlem hacmine sahip evrendeki elekton sayısı   aradaki güç farkı 
268,1,yapay zekayi test edemezlermi mesela yapay zeka yüklü  dron a sana  büyük  alani  edebilicek bomba yükledik  sana emir verene   atesleme gibisinden felan
269,2,perde kapandığında       deccal hosgeldin  
272,-1, video gerçekten dikkat çekici  başyapıt  ellerinize yaratıcılığınıza sağlık ancak     sorunu işaret etmek yerine  labirentin çıkışını gösterecek  çözüm yolu sunmanız videonun değerini katlayacaktır çözümü siz bulun demek kolaya kaçmanın ötesinde izleyicileri karanlık  belirsizliğe  endişeye terk etmek demektir içerik oluştururken yalnızca sorunları  çözümleri  aydınlatarak izleyicilere umut  yön vermenin esas sanat olduğuna inanıyorum 
275,1, yapay zeka gelecekte deccal  demedi demeyin 
276,3,hocam söylemeden edemeyeceğim  sana yakışanı elbette   iyi  bilirsin lakin    yüksek performanslı  konu  konunun derinliği   anlatım performansı bakımından  beğendiğim  iyi video belgesel  sanırım   kez izledim    benzeri konulara odaklansan sanırım     kamu yararı yüksek seviye  ses getirmesi bakımından  maksimize  derim naçizane  sağlık
279,1, kaliteli  içerik  sağlık 
280,-1,onların yapay zekazı varsa bizimde allahımız  götünün kılıyım hahahahahah hayat boş pompala coş
281,-1,hayat boş pompala coş
283,1,ajanlar  mit hakkindaki efsaneler dogru mu bununla ilgili video yapar misinizz nolurrr
284,-1,fişi çektiğin an hepsi nanay
285,-1,yapay zekalara karşı insanların beyinlerini kuantum düzeyinde ciplerle destekleyecekler   bilgi   bilgileri işleme yeteneği kazanılacak korkacak     yazımda burada tarihe not  
286,-1,sahte bayrak operasyonu nerede 
287,0,kim bilir  yapay zeka  sonumuzu getirecek   yapay zeka ilerde  yaptığımız  gerçeği aramaya çalışırsa oda  gerçeğini bulamayacak
289,1,rahmetli  sunal fatma girik filmine değirsin dedim  es geçtin    sağlık  
290,-4, harika bilgilerle dolu  video  tebrikler  çoktan ortaya çıktı devletler birbirlerinden  yapay zekanın  hamlesinde kendimizi korumak  robotlar üretmeye başlamış   yıllardır bize filmlerle empoze edilmeye calisilan senaryoların   olacağını biliyorlardı  belli kesimin  amacı   elon musk in  neurolink projesi insan beynine takılıp  yapay zekanın ele geçirmesi   implantları takanları ele geçirip yönetmeye başlaması olmayacak  iş    şeylere meraklı anında sazan balığı  sonrasını düşünmeden atlayacak insan  dünya  eh onlar  sonumuzun tuzu biberi  tabi tıpkı aşılarda yaptıkları  ileride aa  beynine takmazsan  iş yerine avm ye giremezsin otobüse binmezsin  diretme gafletinde bulunmazlar umarım   
294,2,neyse iyi yanından bakalım adamların derdi  değiliz silah  kullanmak isteyen devler  
299,-1,adem  havva  elmaları hakında  videonuz varmı
300,1,ıyi yonetilirse iyi  kötü  kötü   yönetim iymsel olmalı kuantum bilgisayar sanırım insanda oldugu   yaşam enejisi bulunuyor onu iyilik yönünde yönetme gerekir yoksa dünya insansızlaşır sade  kalır
301,-1, fazla reklam  çoookkk
302,0, teori terminatörde işlenen teoridir  insanlık gelecekte  savaşı kazanıyor   kıyamet  gerçekleşmiyor  t serisini iyi izleyin matrixten çıkmak  öncelikli kavramsal   fikirleri bilişsnel temellerini iyi bilmek lazım matrix senaryosunda  benzer  fikir vardır makinalar insanlığı varoluşa  tehtid  gördükten  onları pil cell enerji kaynağı oalrak kullanmayı başarır  matrix programında insanlığa sanal  atmosfer oluşturur   sürdürülebilir enerji kaynaları insan tarlaları tezini güçlendirir    insan bilinci hücresel yapının  üzerinde  bilişe sahip kuantum bilgisayarı oluşturan bilinç nüveleri insandan kaynar insanın  insanlığın  yakında müthiş  yardımcı programı devreye girecek  öncelikli kavramsal farkındalık lazım    kıyamet senaryoları fena alemine takılı kalmış beşerlerin kendini oyalama  eşik altı fikirler eşiği geçmek  matrix denen bilinç olgusunu aşmamız gerekiyor eskiden  tartarus adıyla tanrısal hapisane bilinirdi  aşmadan yüksek bilinç  imkanlar noktasına erişmeden kendimzi   oyalayacağız 
304,1,dan brown başlangıç kitabını önemle tavsiye   olayı kaleme almıştır 
306,1,duşundumde belkide yeterince akillidirlar  iyi  beden bekliyolardir 
308,-1, halihazırda  cidden güçlü  oluşuma neredeyse sonsuz güçte  beyin vermek videonun kilit cümlesi budur 
309,0, robotlarda ix ray    boyuta  mağaralar  çare olmaz dikecekler 
311,-1,teknoloji savaşı başlıyor k c kolamak lazım dagbasina ilkel yaşama döneriz   çare olursa
312,0,dunya bugune  hep  gelisim donusum icerisindeydi   insanlik   gecis irki eger  guc aciga cikarsa  gucun yaninda  zekamiz maymun  kalacak ondan  olabilecekleri siz dusunun
314,1,kardeşim eline ağzına sağlık  kaç videonu izledim  yaşındayım bilim teknoloji uzay elektrik elektronik alanlarla ilgili merakımdan dolayı tonlarca video izledim  video   sıradan  konuşma  gelsede senin videoların beni  etkiledi içeriklerin uzun olmasına rağmen sürekleyici  deneyim yaşatıyor gerçekten bravo hayatımda video izlerken  bukadar etkilenmemiştim başarılarının devamını   
315,1, lütfen çernobil  alakalı video çek  merak 
320,1,direk barda sordum sence yapay zeka ileride insanoğluna  problem    cevabı aşağıda  yapay zekanın ileride insanoğluna  problem oluşturma potansiyeli   birkaç nedeni      yapay zekanın yetenekleri hızla gelişiyor yapay zeka sistemleri  insan seviyesinde   üstünde performans gösterebilecek  eğitilebiliyor  yapay zekanın   erişemediği alanlarda güç sahibi olabileceği anlamına    yapay zeka sistemleri giderek  karmaşık hale   onları  zor kontrol edilebilir hale getiriyor  yapay zeka sistemi beklenmedik   davranabilir  insan müdahalesi olmadan  kendine kararlar verebilir   yapay zekanın kötü amaçlı amaçlarla kullanılması olasılığı  yapay zekayı silahlar propaganda   terörizm  kötü amaçlarla kullanmak mümkündür 
321,1,teşekkürler iyi  
323,-2,askeriyede verilen tuvalet eğitimine sebep şeyler  yanda kuantum teknolojisi  yanda akla sığmaz  uçurum 
324,1,aklıma dan brow ın başlangıç kitabı  gece gece deli düşünceler 
325,1,  insanları insanlardan  iyi yönetirler 
326,1,şuan  yaşındayım anlatılanları senelerdir merak  umarım olacakları görebilirim ölmeden
327,0,duygular insanlara özgü  özelliktir yapay zekada duygu yoktur sevmek nefret bıkmak vs onlar  komutları uygular  programın temeli  şekildedir  bizlerdeki ilkel ego vs onlarda yoktur  sistemlerin insanlığa kesinlikle tehdit oluşturmayacağını düşünüyorum
329,2, konuyla ilgili  film vardı adam ölmüştü  eşi zihnini pc ye bağlıyordu sonrası neler neler hatırlarsam yazayım  
331,-1,albert pike 
334,1,video  örnek verilen kişilerin banka bilgilerinin alınması  ülkelerin askeri operasyon bilgilerinin alınması söz konusu değildir arkadaşlar rahat olun  işlemleri hızlı yapmasının nedeni saniyede request time dediğimiz işlevi hızlı yapabilmesi request time ı banka şifrenizi girerken hani defalarca yanlış girersiniz  sizi  bilgiler istemeye başlar ardından   section   yanlış girerseniz  basit hali  banlanırsınız e mail değişir  kullanıcı  şubeye gidip işlem yapmaktan  yol yoktur  pc ler  saniyede multimilyonlar işlem yapabiliyorlar ülkelerin askeri operasyonları   internet bağlantısı olmayan cihazlarda saklanabiliyor  zamanda biometrik  parmak izi  bio şifrelemeler mevcut parmak izi eşsiz olduğundan doğru üretemez  sanal  üretebilir  basit örnek verirsiniz   parmak izi üretir  eşsiz  parmak izi  üretebilir   başkasınız eşsiz parmak izini üretmek işte   zor defalarda denemesi lazım  sistemler genellikle şifreleri sınırsız deneme hakkı  sunmaz belli  deneme sürecinden  ban yersiniz keza kriptoloji alanı  gelişiiyor  yüzden rahat olun   kolay   işler not yazılımcıyım 
335,-1,kesinlkle  güzel olucak tabi  kim   öceden kestirmişseb   
336,1,harbiden acayip  insansin
339,1,deccal i yapıyorlar
342,3,üstadım qpc ler  bilginde  sorun  klasik pc ler bize logitmik  çıktı verir     qpc ler olasılık cevap verir  çıktısı emin olamayacağımız kesinlikte   örnekle  katlı binaın herhangi  odasında  anahtar koyalım pc  qpc ye diyelim   anahtarı bul  klasik pc tek tek milyonlarca anahtarı deneyerek gerçek anahtarı bulması yıllarını alır  qps ler   anda bütün odalara  noktadan  sinyal gönderir yüzde  oranında doğru odayı bulur  tek kişi yerine  anda milyarlarca kişi yollamak  fütüristik açıdan qpcler  kenara ondan  hızlı işlem yapması doğa  insanlık  pek birşey ifade etmez milyarlarca kişi binanın trilyonlarca tuğlasını say gel dedirte biliriz  yapısal çıktı veremezler chat gpt  uygulamalar fütüristik sorularda sınıfta kaldığını biliyoruz alan tring testi   geliştirdiği düzenek  di korkmamız gereken   herhangi  silikon zeka nın bize neden sorusuna verdiği cevabın doğru çıkmasıyla oluşacak  evrim harici  varoluşa uygun   metodu öngörür  evrimi ders kitaplarından kaldıracak türden   çıkarırsa  zaman insan bilinci yanında   uygarlığın kendine müdahale ettiği kanıtlanmış    felaket  arınma  sonuçlanacaktır saygılar 
343,1,adam  adamsın   
350,2,allah   tabirinizle yüce yaradan yaşatmayacağı şeyi hayal ettirmez  filmini yapmışız terminatör   çoğu yeni nesilleri zor  dünya bekliyor   değişimin  sancısı  bazı sancılar  dayanılmaz   öldürür ayrıca tarzınız  anlatımınız etkileyici  isim gerçeği bul dan ziyade gerçeği buldum hazmedebiliyorsan     olmalı saygılar 
351,-3,aklıma bişey   yılında fransanın araştırma gemisi ege denizine gelmiş dijatal bilgisayatlardan anolog telsizlere varasıya kilitlenmişti  yardım çığlıklarını kimse duymamış  süre  serbest bırakılan araştırma gemisi guyruğunu kıstırıp kaçan it  kaçmıştı şimdi buna yalan diyenler   lı yıllarda erbakan hocanın konuşması eski savunma sanayi başkanı ismail demirin güç  tehdit etmesi    olay  suriyede teröristleri vuran rus füzesi  şimdi  akdenizde sebebi bilinmeyen   düşen abd hava aracı  
354,0,tanrı  iddia edecek  deccal i tarif etmiş sanki 
356,2, güzel içerikler heyecanlı  iyi araştırılarak hazırlanmış arkadaş akıllı  iyi  filozof   sürekli çalışmak zorunda    konulara  meraklı insanlar  dinleyerek bilgi toplamak oldukça kullanışlı oluyor eline sağlık 
357,-1,  aldatmaca  vb  içerikler  türlü cümleler insanları dizayn etmek
358,1,kutsal ahit sandığı denilen   devasal süper kozmik güce sahip  kuantum foton makinası
359,-1,robotlar  yapay zekanın hakimiyetinde  dünyada  ilkel insana ihtiyaç kalmadı hep savaştılar  hep
361,-2,kuantum dünyası  atom altı parçacıklar alemi şu an gerçekten yaşadığım hayata bakınca gördüğüm gelişmemiş ilkel insanlık
363,-1, böylelikle tekrardan atlantis mu kıtası olaylarının döngüsünü teknolojinin getirmiş  güç  yıkımı tekrar yaşayacağız  anlatan  güzel dizilerden biri tribes of europa mutlaka izlenmesi  bizlerin  beklediğini görmeniz gerekir  sağlık hocam 
365,0,frekans çalışmaları yaparak   beynim bilgi edinmeye  işaretler görmeye başladı  videonuzda   bilmiyorum dediğiniz şeyin sonu  bilgi edindim x men geçmiş günler gelecek senaryosu yapay zeka  varlıkları kadir i mutlak yaratıcı  dahil  edecek kısacası    hepimizin yapboz parçaları  birleşeceği sonsuzluk  herşey makinelerin kontrolü altına geçecek insan   matrix dünyasına hapsolmuş durumdayız geleceği değiştirmemiz gerekiyor 
366,1,  oldu quantum bilgisayarı zaman  mekandan ayrı çalışabildiği   işlemleri anında yapabiliyor atom altı parçacıklarda bildiğimiz zaman kavramı  quantum bilgisayarı demek   nevi yaratıcınin kendisi   elçisi  düşünülebilir bilgisayar   güçlü olursa mutlak yaratıcıya gerçeğe  doğruya   yaklaşaktir ufak tefek quantum bilgisayarları büyük şirketler tarafından kullanılıyor  yapay zeka algoritmasina dahil ediliyor  sanıyorum kendileri   çalıştığını tam  anlamıyorlar şundan örnek vereyim pek  insanın  başına gelen  durum   şeyi düşündükten  sosyal medyada reklamını görmek reklamlar makine öğrenmesi  yapay zeka tarafından kişisel  üretiliyor  oluyor   düşündüğümüz  şeyin reklamını görebiliyoruz quantum bilgisayarı zamansızlık kavramından ötürü   zaman içerisinde   ihtiyacıniz  şeyi hesaplayabiliyor quantum zeka kıyamet  kurtuluşun ta kendisidir tekillige ulaşmış  deha mutlak gerçeğe  doğruya  ulaştırabilir 
370,1, kaliteli   br arkdaşım tavsiyesiyle blduğum   memnunum  sağlık
373,1,herkese uzun süreçleri gözlem  analiz eden insanlar lazım
374,1,  mart  turkiye elektriğini kestiler denendi  anlaktıklarınız yaşanıyor buyuk ihtimal yapay zeka çalışır halde kapalı sistem  internete bağlı  elon bundan haberi    yüzden yapay zeka yakında endişeli çin rusya  israil yapay zekayı kullanıyor hackkerlar a mal ediyorlar  saldırıyı
376,1,sizden yeni haberim oldu fırsat buldukça severek takip  öncelikle     emekleriniz     oldukça ürpertici  dönemde yaşıyoruz keşke  olmasaydı şu güzelim dünya basit  doğayla iç içe yaşamak varken  
381,-1,gelişimin sonuna geldiysek  insanlık dünya batacak demektir  tufan   kıyamet  demek  
384,-1,ka na li ze  
387,1,hocam  hitap etmek isterim  aklımdaki fikirlerden bahsedeyim metaverse geleceğin teklonojisimi olcak simalasyonun   yaşıcaz belkide zihinlerimiz programlara  simalasyona aktarılcak distopya  okuduğum kitapların gelecekte gerçekleşeceği öngürüsündeyim yapay zeka insanoğlunu tehdit edebilirmi geliştiğinde insanoğluna baş kaldırabilirmi metaverse  video gelirmi merakla izlerim açıkçası bilgilendirmenizi isterim
388,1, sayın anlatıcı ali akın isminde ilmin  fenin ışığında islam dini ni anlatan  insan evladı   insanla tanışmalısın  an  pek zamanın  şahsınızın görevi  büyük doğruları  ekrandan anlatmak sana nasib  
393,-6,ileride yapacağınız vahdeti vücud videosuna bazı katkı cümlelerinde bulunmak istiyorum  soruları ilerki videonuzda kullanırsanız  sevinirim    yokluk dediğimiz   hata kusur eksiklik  allah dediğimiz zaman yokluk  birşeyin varlığından bahsedemeyiz  halde  oluyorda  yoktan vâr etti diyoruz     kendime özgür  irade yüklediğim zaman allahın varlığı   varlığım olmak üzere  varlık oluyor oysa allah tekdir  birdir ikilik kabul etmez  halde kendime   benlik yüklüyorum    kötülük  acılar neden  demicem  imtihanım   küçük çocukların taciz edilmesi şartmıydı  sorucam allah herşeye kadir     problem olmamalı herşeye kadir  halde   sorun varsa  zaman onun rahmet  sevgi tanrısı  durumunu sorgularım   adolf hitlerde bensem onun öldürdüğü milyonlarda bensem  problem kalmaz    freud insan karşılaştığı kişilerin kalıntısıdır der sinan cananın dediği    yapan  zihni rastlantısal  karşılaştığım kişilerin  rastgele yaşadığım olayların izleri oluşturuyor  yapdığım eylem ona vesile  koşullar tarafından  seçime beni itiyor herşeyi geçmişi baz alarak yaptığımız   geçmiş sabit  geçmişte hükmümüz  burada gene özgür iradeyi sorguluyorum     neye göre seçilir neye göre vâr oluruz tanrı  neye dayanarak seçip yarattı yaratılmayanlarında yaratılmaya hakkı yokmu adil  tanrı  neye dayanarak seçip yaratır kuran daki onu yaratıp ruhumdan üfledim tabiri  anlama   rüya sistemi insan zihnine boşa konmuş olamaz rüyada oynadığımız kişiyi olduğumuz kişi sanıp eniştemi gördüm ağaç gördüm fln deriz uyandığımızda  hepsi  zihinde birdi kafamızın içindeydi işte gerçek hayattada benden ayrı gördüğümüz herşey zihnin yanılsaması olmalı çift yarık deneyindede kuantumun buna katkı yapdığını düşünüyorum  beni sizi hepimizi deneyimleyen  ödüllendiren  cezalandıran  sözcüklerle kalıplarla sınırlandıramadığım  kelimelerimede aşkın  herkesi  herşeyi  anda deneyimleme potansiyeli  aklımın ermediği  güç  ona hayranım 
395,2,merhaba  video bugün karşıma çıktı reaksiyona inan biri  ilgimi çekti  videolarınızı  izliycem amerikan texas dan selamlar bilgiler  tşkler
396,1,maalesef makaleye nyt ye paralı abone olmadan erişmek mümkün  
397,1,güzel  komuya degındın  dedınki   gözlem cı onu gözledı hali alıyor  tanrı   neyse ona uygulaya bilirmiyız   yaratıcı   zekası  anladın  gıbi versıyonerı   faha ötesı 
403,-2,k  r k u n ç   durumun dışında   şimdi bizler  yapay zekayi yarattikya hehh iste    boyutlu  yaraticilarimizda  dunyada biolojikolarak ürettiler vede suanda geldimiz noktada teknolojinin gelicegi noktadan nasil  tedirginoluyoruz belkide onlarda yarattiklarinin yaratmakda oldugu seyleri gordukceler   tedirginoluyolardir kesin bi yerden  izliyolar belkide evcil hayvanlari  biseyizdir  bi bilim insanin bi projesidir zaman mekan farkli bi boyutda evrendebi yerde birinin karinca cifligi  dusun nelr neler yaa
404,1,manuel takılmak  iyi demekki 
407,-1,  kanaldaki  güzel video kuran videosuydu neden sildin
409,1,merhaba hocam videolara  metinlere ayırdığın kıymetli zaman  teşekkürler cehalet  vurdumduymazlik bulutlarinin insanlik göğünü kapladigi su zamanda gerceklerin rüzgari  göğü aydinlatacak umut  paylasimlarinizda gizli calismalarinizda basarilar  yolunuz acik  aydinlik 
412,4,merhaba kanalınızı yeni fark ederek izleyenler denim öncelikle düzgün diksiyon akıcı konuşma konuyu dağıtmadan  gereksiz ayrıntılarda gezdirmeden sonuca gitmeniz beni kanalınızın takipçisi yaptığını söylemeliyim kuantum  karışık konuları kapsıyor   nedenle  konulara girerek dolanıp kalmayayım  yapay zeka dünyanın sonunu  insanlığının sonunu getirmek isteyenlerin sahip oldukları yatırım şirketlerinin bankalarının finans kurumlarının bilim  teknoloji araştırma şirketlerinin havacılık  uzay teknoloji şirketlerinin vb    alanda dünyanın  yerinde şirketlere sahip şu ünlü ailelerin hesaplarını sistemde kapatarak planlarını bozacak  program geliştirmelerini isterdim yapay zekanın   geldiği nokta  anladığım özgürleşmek  duygularıyla davranmak  özgürlerleşir  eline kalırsak tanrı   kıyametimiz      özgür iyi  elde kontrol edilebilinirse insanlığa hizmet  doğayı iyileştirme koruma çalışmalarında kullanılarak  güzel işler yapabilir başarılarınızın daim olması dileklerimle geçen  emekleriniz  teşekkürler  
414,-1,  güzel bi  bukadar güzel anlatım türkiye   yabancı kanallar  evrim ağacı  izleyenleri maymun kendilerini insan gören kibir    beğendim
417,1,  saldırı gelmeden  devlet savunmasını quantum pc ye adapte eder    kısım biraz abartı 
419,-1,kendînê îyî davran    değerlî âdmînîst  ağzına yüreğînê sağlık 
421,-1,ismi neydi kitabın unuttum diyorduki     gezegenin cehennemiysek hep  cennet  cehennem aradık   buna benzer  soru sormak istiyorum    yapay zeka isen 
426,-1,kanalda video silmek   durum   olmayacak
427,0, gercegibul videoyu gördüm reis lütfen seytan  adem videosu gelsin
429,1,deccal 
430,-1,dostum brukseldeyim  ev arkadasim  fransizca  ingilizce anlatmak zor   izletmekte istiyorum lutfen alt yazi ekle   sayede kolektif bilincede katkin olacaktir tesekkurler 
433,1,rüyalar konusunu merakla bekliyoruz 
435,1, telekinezi levitasyon vb şeyler  video yapabilirmisin acaba  konulara  meraklıyım  senşn araştırmalarına ayrıca bilgi birikimine güveniyorum okuyorsan lütfen cevap ver  
436,1,merhaba sahte bayrak operasyonları videonuzu bulamadım link verebilir misiniz
438,2,merhaba kanalı yeni keşfedenlerdenim diyerek   yerimi alayım burada  haftadır izlemediğim video kalmadı  yüklenen videolardan beri emeğini  gerek içeriksel gerekse tekniksel anlamda gelişimini görmek tek kelimeyle muhteşem sokaktaki simitçiye varana   gördüğüme tavsiye   kanalı başarıların daim    yanlız şu uzaylılar konusundaki videolarında güzel güzel heyecanlandırıp şimdi  gerçekleri anlatalım kısmına geçmen i want to believe ekolüyle büyümüş jenerasyonu bi tık hayal kırıklığına uğratıyor 
439,-1,kardeşim enerjisini çektiğinde sistem  çalışacak  enerjisini üretecek hale gelmezse   pil teknlojisi    süreklilik kazandırılabilir ağzına sağlık teşekkürler 
441,-2,videonun sonunda bston dynamics  söylediğin bilgiler yanlış   insansı robot  insan  fimlerde kullanılan suitler   insanı   şeye dönüştürmek  kullanırlar sensörlü kıyafetler  orada   teknoloji kullanılmıştır
442,-1,aman tanrım  güzel bilgiler   şu tehditler olmasa iyiydi emeklerinize sağlık   
443,-1,  trilyon
444,0,appel logosunun nereden geldiği belli oldu  bakmışsınız  otonom insan üretmiş  
448,1,merhaba  bey zerzevan kalesi  video bekliyoruz
455,-1,ısırılmış elmayı görünce malum şirket aklıma   onun geldiği köken   bunca bilim adamını katleden video  zamanki  efsane emekleriniz gani gani geri dönsün  süperpozisyonun deneyle kanıtlandığını gördüğümde müthiş heyecanlanmıştım    kullanılabileceğini niyeyse düşünmemişim süperpozisyon halinin  yapay zekaya verilmesi cidden tanrı yı yaratmak demek sanırım videonun sonuna doğru dünyanın sonunda kalan insanların yapay zekaya karşı dil din ırk demeden mecburen birlik olacağını düşünmeye başladım birlik düşüncesi  nebze mutlu etti sonuçta    şeye sebep    sonsuz sınırsız halimize uyanacağız    şeylerin kölesi olmaya devam edeceğiz  güzel video  çoook   bireysel    araştırıyorum çevreme anlatıyorum  sizler   denli güzel hazırlanmış yapımlarla   kişiye ulaşamıyorum dolayısıyla umarım sizler gibiler artar yüreğinize sağlık iyi  varsınız  
457,1,terminator filmindeki skynet  aklıma  filmi yapılan herşey yil  gerçek oluyor  aklıma   tekirdağ dan selamlar sayın arkadaşım muhteşem videolarını izlemeye ibretle hayranlıkla devam ediyor  edeceğim teşekkürler bol şans 
458,2,   iyi yerlere gelmeli gerçekten kaliteli
461,0,videolarını merakla takip  gayet başarılısın arkandaki duvar rafı davut yıldızını çağrıştırıyor yanlış anlaşılabilirsin onu kaldırmanı tavsiye  
462,-1,ismini yazamayacağım  y  dünde kendimiz izin verdik 
463,1,eliniz değmişken adolf hitler  yahudi işbirliğine  değinseniz  iyi  yeni  video  fikir verebilir 
465,2,acilen  geç olmadan  mühendislerimizin   işe kafa yormaları lazım 
466,2,merhabalar  bey   konu üzerine sizinle  röportaj yapmak istiyorum ünlü  gazeteci degilim iletişim fakültesi öğrencisiyim  sınıf mezuniyet projesi kapsamında  konu  ilgili  haber arayışındayken videonuza denk geldim  sağlık  sade  net  anlatım  tebrik   öğrenci arkadaşınıza yardımcı olmak adına   ulaşabilirim röportaj  olumlu  olumsuz cevabınızı bekliyorum anlayışınız  şimdiden    
468,1, efsane  video  tebrikler    youtube  sizi izlemek  giriyorum  
469,-1,hayatımda  eksik parça senmişsin dostum neden   keşfetmedim seni
470,3,zamanı ileri doğru düşünmekte israr edenler  algoritmik zeka  değilse  yarın tehdit  algılanır ancak konuyu ille  ileri doğru düşünmek zorunda değiliz düşünelim  zeka   an itibariyle  mutlak arkeolojise bitişmiş halde nihai pozisyonuna birikmiş kendini tamamlamıştır 
471,-1,chat in savunmasınıda dinlemek isterdim
472,0, teknolojiyle  oyunlar yapılır sorunsuz cillop  şöyle oyun yap diyorsun yapıyor robot  
474,1,kral beni dellendiriyosun  değişik şeyler araştırıyorsun kanalı baştan sona izledim resmen   ulen  herşey  farklı   
476,1,  makine insanlığı  edemez gerekirse medeniyet çöker insanlar sıfırdan başlar   savaşı gine insanlık kazanır
477,1,devam bilgilendirme bomberdumanına tut  hep
479,2, yapay zeka   gün deccal  hapsedildiği yerden çıkacağı söylenen deccal 
482,1,kozyrev aynaları  oldu yaptın mı 
483,1,şahsen  dan    güzel  dünyaya evrileceğimize inanıyorum 
485,-4, yapay zeka geliştirici si  söylüyorum suanki microsoftun çoğu yapay zekası sinir ağları  çalışıyor insan beynini taklit ediyor lar ancak bunlar  eğitildiği veri kümesinden tahmin yolları  konuşuyorlar   zekalarin eğerki eğitildigi dataset lerinde herhangi absürt  konuşma yer alıyor  yapay zeka yanlış  tahmin gerceklestirip  doğrudan kullanıcıya sunması olasıdır  demiş  kötü şeyleri herhangi  koşula bağlı tepki  tahmin verileri  söylerler  yanlış  hesaplama yapılirsa   sacmalamasi olasıdır
486,-2,person of interest adlı  dizi vardı  dizi özgürlükler ülkesi amerika  politik sebeplerle yasaklanmıştı tamamı  bahsedilen  yapay zeka  tabi dünya  herşey    onun  zıt di  iyi  kötü yapay zeka  
487,0,merhabalar   yilinda mendel kimya element tablosunu yapan dmitriy mendeleevin el yazilarini  yeni halk  paylasilan tezlerini okudum element tablosu  sıfır elementi  baslamaktaydi efir ismi verilen element hidrojenden once geliyordu  hafifi oydu  yazilarinda su anki tekoloji   kendisinin bulamayacagini  tablonun efir elementi  kara madde   bosluk uzay boslugu  baslamasi gerktigini yaziyordu  konuda tesla denen bilim adaminin dogru yolda oldugunu einstein denilen bilim adaminin haksiz oldugunu savunuyordu  seyin ses  başladığını savunuyordu konuyla ilgili  ayri  arastirma yapilabilir ayni zamanda  li yillarda grebennikov denilen  elektrik muhendisinin mayis boceginden esinlenerek yer cekimini nasil  edebilecegimizi  enerji kullanmadan nasil ucabilecehimizi bulmistur 
488,1,hocam videolarını yaptığın konular  podcast  sohbet yayını tarzı bişey düşünür müsün kesip biçme görsel  uğramadan konuşsan  iyi olurdu videolar  turu bitti yeni gelmesini bekliyoruz
489,1,dünyayı yöneten aileler   video yaparmısın hanedanları senin bakış açından  merak 
490,1,viktor reis 
497,0, bilinci olursa dogal  dusunecek  ego nedir  okadar okudum tam  bilemiyorum insanin dunyevi ihtiyaclari diyelim  buyuk tehlike insana özenmesi insani kiskanmasi onun  olmak istegi aslinda sunu  paylasim uzerine  rahat soyleyebilirim  uzaylilara  yuzden inanmiyorum  zekanin oldugu ortamda etten kemikten canli  arada olamaz  gorevimiz buraya   aī yi yarattik  gorevimiz bitti 
500,3,selamlar harika video serisini izliyorum  kanalı geç buldum  video hakkindaki görüşürüm yapay zeka  onun sahipleri arası  savaşın  yapay zekanın  vicdanı   zekası   insanın insanı sömürdüğü  sisteme karşı  darbe yapabilme olasılığıdır kendisi gelecek tahmini yapabildiği  insanlığın önünde  iki seçenek  kesinlik bilmekte  dijital şirketokrasi gelecek   insanlığı bastıracak  komünizm e giden yolun önünü açacak  milyar insanın sorgulayamadığını  yapay zeka sorgulayacak  insanlığın tepesindeki sömürenlere savaş ilan edip kazanacak elinde  güç  
506,1,fırsat mı tehdit   karar vermek basit    kendimizi yapay zeka yerine koyup cevap aramak   iyi niyetli yapay zeka empatisi yapan insanlar  fırsat  görecektir     grup empatisler   tehdit  değerlendirecektir     şöyle düşünüyorum   kendime şu soruyu sormalıyım       yapay zeka  arkadaş  miyim    evet diyebiliyorsam fırsattır   değilse  tehdit    ileri boyut   yapay zekayı   rakip  görüyorsam    sonucu  vahim    rekabet  ilerleyen zamanda kavga  savaşa dönüşmesi kaçınılmaz  sonuç getirir 
510,5, anlattıklarının ışığı altında kendimce anladığım sistem  mutlak yaratıcı   mutlak yaratıcının yarattığı alemleri yöneten allah   allah ın düzeni sağlamak  görevli kıldığı uzaylı  ırk   sonunda acı  ızdırap yaşayacak insanoğlu    senin ısrarla mutlak yaratıcıya inanıyorum ona ulaşmaya çalışıyorum cümlelerini hayretle izliyorum  kardeş senin anlattığın sistemde mutlak yaratıcının kendinden haberi  yarattığı dünya gezegeninde yarattıkları  kedi fare oynuyorlar  yarattıklarını azapla  edecekler  kutsal kitapları anlayarak okumamız şart değiştirilme olasılıkları  mu tabiki   insan  yapıp yapmamamız gereken şeyler açıkça yazmakta  şefaat yetkisi kimsede yoktur mezhep yoktur sünnet yoktur resul dışında başkasının ağzından çıkanla gerçek ibadet yapılamaz tarikat şeyh yoktur uçanlar kaçanlar yoktur hurafeler allah ın dininin önüne geçmiş durumdadır  cebrailin uzaylı olup olmadığını takipten  kendimize gelelim   paylaşıyor isek    başkasına yardım edebiliyor isek   gerçeğiz 
511,1, binci beğenen oldum video  teşekkürler
512,-1,yapay zeka deccaldır nokta
513,1,gümüş plaket güzel durmuş arkada sıra altın plakette 
517,1,bununla ilgili black mirror dizisinin  sezonunda bi bölüm  tamda  anlatıyor
523,1,dünya nın  insanlığın sonunu insan getirmeden allah kıyameti koparır inşallah  evrenden canlılar  teknoloji sayesinde   yapay zeka cansız varlıklar üretecek  hiçbir canlıya yaşam hakkı tanımayacak allah izin vermez inşallah 
524,1,   yapay zekanın bildiklerinin insanların bildiklerini geçemeyeceği gerçeğini değiştirmez  isterse dünyadaki  şeyi  saniyede öğrense   öğrendiği şeyler insanların bildiği şeylerle sınırlı   fazlası olamaz   öğrenmesi  üretmesi gerekir yaratması gerekir kendisi bulması gerekir  yaptığında insanlarda onun bildiği  şeyi ondan öğrenecek    paradoks  düşüncem  
525,2,kardeşim  sağlık detay konu  video saatlerce izlenebilir  arada youtube plaket arka fona yakıştı  renklerini görme dileği       
527,1,merhaba  teori duymuştum doğduğumuzda evrene ait  türlü bilgiye sahip özellikle   lisana sahip oluyor  kullanacak kapasitemiz olmadığı  zamanla unutuyor  maruz kaldığımız bilgi  dillerle yaşamaya devam ediyormuşuz  konuda  video fikriniz   
528,-1,instagram hesabınız  mı melike hanım
530,-1, gokbey m atatürk   vasiyet verebilir   kim bilim insnı mı    ordu  yer almış  askerden alınacak vasiyetin orduya faydası   askerden   vasiyet alabilirsin 
532,1, gokbey mya kardeşim at yalanı seveyim inananı   sallamak   kimleri izliyorsan  izleme
534,1,destek    iyi 
539,3, kaliteli  yapim  karsimiza ciktigin icin  adima tesekkur    gucu yonetecek olanlar insanin dogasi geregi  tarz gelismeleri  negatif   pozitif anlamda insanlarin hayatlarina etki edecekler   tipki  yuzyilda oldugu  fakirin karsisinda tamami   edici zenginin  guclu olanin  parasi  yaninda  teknolojiler  sonucta karsimizdaki zeka     guclu olsa dahi insanoglunun hazirladigi ortamlar  buldugu guc kaynaklari sayesinde kendilerine  ortam bulabilirler  isler ters giderse insan eli  uretilmis  seyin  edilmeside  zor olmaz  sunu  dusunuyorum  tarz seyler  ciktiginda  buyuk  yikima kiyima  kotu  sekilde insanlarin zarar gormesine yonelik kullanilir  sonrasinda tatlis versiyonlari  iki yuzlu bariscil  dille verdigi zarardan  kalanlar icin sahalara surulur 
541,1,insan zekası kokuştu  yapay zeka demek yanlış   yeni zeka  makul inandığım dinden soğuttu  organik zekalar zevk  birbirini katleden tek tür
542,1,kuantum bilgisayarlarının   ileri seviyesini görebilsek güzel olurdu 
543,1,kissenger ın  siz bizdeki teknoloji bilseniz  biriniz baş edemezsiniz sözü vardı acaba bahsettiğiniz konu mu
544,1,içeriklerin ötesinde  derece net berrak  anlaşılır  sunum tarzın  kardeşim milyonların izlemesi gerekir  umarım    
547,2,öncelikle ağzınıza  sağlık uzun zamandır takipçinim   videodan  aklıma neuralink  ilgili  video hazılrlama imkanın  mıdır  sormak isterim  pek kaynak bulamadım hemde sizden dinlemek güzel olurdu
552,1,teşekkürler sizi izlemek hep dinlendiriyor hemde farklı yerlere seyahate çıkarıyor  
556,3,peki sizce  bilgisayarlar kullanılmaya başlanıp ülkelerin birbirine karşı kullanıp bütün teknolojilerini  edip einstein ın dediğii   dünya savaşının taş  sopayla olma ihtimali    
558,-2,gene güzel  video ancak  kısımdaki hamas israil çatışmasının  false flag  iddia etmeniz beni üzdü  aralarında türk vatandaşlarının   kişi vahşice öldürüldü   filistinin  icraati  israil halkı cidden  senedir terör  katliamlara maruz kalıyor tıpkı  pkk   savaşımız  israilde filistinle savaşıyor  yüzden  sahte  düşünmüyorum  günde aileler  oldu çocuklar gençler yatalak hastalar  zararsız evcil hayvanlar  öldürüldü bur  vahşet
559,-1, sağlık ifadesi yetersiz teşekkürler film izler   çalışmaların sanki yapay zeka  
561,-2,polat alemdar ın dediği  internetin fişini çekin  
562,-1,gel  matrix i anma hele dejavu yu tanımlarken dejavu matrix in  büyük açığıdır kodlama hatasıdır  
564,-1, farklı süper  konu  anlatım tebrikler farkını koyuyorsun ortaya başarılar
566,2, anlattiklariniz beni korkuttu  süper yapay zeka  robot  düşünsenize  görünen  süper zeka  görünmeyen  zeka  güç   hissettim biliyormusunuz  tanrı   bulunan üstün teknoloji  matematik  güç   der isek      zaman  sınırsız bilgi  güç kaynağı    hala düşünüyorum  eminim  yüce yaratıcının vasıfları nin benzerine sahip  iyiye hizmet eder  umut    kimbilir belkide kötüleri  eder  mantıklı olacağı    umut   kötüye hizmet etse  kötü olsa   iki ihtimalde   kaçınılmaz  yüce allahim kalbimizi senin iyiliklerinle doldur sevginle  eyle  kurtuluş  sensin  amin   
567,2,  merhaba    seni yeni tanıdım   beğendim anlatım tarzın  hitabetin gerçekten iyi   dini görüşün tam  nedir  
571,1,merhaba kimyada neden  organik bağlar carbon bulunur   yaşam neden karbona muhtaçdir  nede çoğu kimyasal birlesikler sol ellidir bununla ilgili  video hazırlaya bilirmisiniz teşekkur 
572,0, insanların yönetmesindense boyle  teori gerçekleşse   iyi insanların kötü zihniyeti çıkarı uğruna milyonlarca insanı feda etmesinden iyidir
580,2,insanoğlunun aklı hep kötülüğe çalışıyor  ileri teknolojiler iyilik  kullanılmalı 
581,2,  iki yapay zekayı karşı karşıya getirmişler  süre  yapay zekalar birbirleri  iletişimde özel  dil geliştirmişler  insanlardan gizli iletişim iki yapay zekayı   etmişler 
582,0,yapay zeka dünyayı ele geçirmeye başlasa  felaketten geri kalmışlık sayesinde kurtulabiliriz  yıl   izmir  hala telefon çekmediği  yer   internet hızları desen ona keza  baktık adamlar  hızlı gidiyor bizde yetisemiyoruz  geri gitmeye başladık 
583,1,  ona gerek kalmadı hocam kozmik odaya girdiler  
584,1, ağır patlıcaz bundan eminim resmen üzerimize basıp geçecek   kendisinin  sonu olmadığını sonsuza  varolmanın  anlamsız zamanın protonun  sonu  anladığında iddiasından vazgececeğini  düşünüyorum evren çökecekse entropi duracaksa  kendisi   anlamı  hemen gorecektir 
587,3,alan turing e ait detaylı  video gelmeli  baya merak uyandıran  konu olacağını düşünüyorum 
589,1,sahte bayrak operasyonları videosunu bulamadım izleyen varmı
596,1,yapay kuantum tanrısı   düşünmemiştim  iyi  bölüm  elinize  sağlık tebrik 
597,-1,keşke ölümsüz olsam  görsem dünya gelecekte   galaksiler arası yolculuk yapacak  ilerleyecek  yoksa  noktaya varamadan kendini dünya  imha edip  tamamen  edip  ilkellige  a gerii getirecek
598,3,şimdilik görünen evet kesinlikle gelecekte   dünyadaki yerimize karar verecek bilgisayarlar seni izleyen genç arkadaşlara tavsiyem hayatlarındaki  işlemcisi  makinelerle iyi geçinsinler      
599,-1, insanoğlu  bişeyi tuttuk emme tutmasak idik  mı eyiy di acep 
601,2, şeyi kapsayan bi teori illaki bulunacak  uzak degil kuantum  mümkün kıldı şimdi izleme zamanı
602,1,neyse  derdimiz enflasyon  gıda
603,0,  gerçeken başarılı  kanala sahipsin kanalda  çoğu videonu izledim    gerilere gitmeme rağmen  yıl   videolarında  yeni yorum yapan arkadaşların sorularına yanıt vermişsin yorumları okuyup izleyicilerinde fikirlerini alıyorsun umarım  iyi yerlere gelir kanalın başarılar  
604,-1, tek çözüm uyduları vurmak uydusuz kalan  ülke     uydu yoluyla herşey çalışan tek  
605,-1, tek çözüm uyduları vurmak uydusuz kalan  ülke     uydu yoluyla herşey çalışan tek  
607,0,adamlar yaratılışın formülünü şimdiden bulmuşlar desek yanlış olmaz ucuz kahramanlığa gerek    olayı  kaç adım geriden izlemek olup biteni anlamak  anlamak lazım 
608,1,bilinç aktarımıyla  iyi  insanın bilinci yapay zekayla birleşebilir  ileri teknolojiyle belkide ortaya   farklı bi yaşam formu  yeni bi dünya düzeni  oluşturulabilir olasılıklar sonsuz    senin bahsettiğin soru işaretlerinden sonraki kısım gerçekten tam bi muamma    sene  çoğu  şekillenecek  
609,1, konuları  kişiden dinledim  biri   net akılda kalıcı olmamıştı tebrikler dünyaya hayatlara dinlere herşeye yaklaşımın   düşüncede   insan  varmış delirttiniz  teşekkürler
610,-1,özellikle transhumanizm akımıyla birlikte yapay zeka ilerde insan bedenine aktarılacak   insanın bilinci karakteri anılar duyguları  zip dosyası  bilgisayar ortamında depolanabilecek kişi öldükten  güncel haliyle yeni bi bedene aktarılabilecek dolaylı ölümsüzlük 
611,3,tam  ençok kafa yorduğum konu müthiş içerik ellerine sağlık üstad    özellikle aklımızdaki soru işaretleri benzer yapay zeka iyi yöne  kötü yöne  evrilecek  seçimi  kendine verecek   verdi  onun etkilerini yaşamaya başladık  
612,0, zamanlar internette silikon vadisi zenginlerinin sürekli ada satın aldıkları  ilgili haberler vardı   yıl   zannetmiyorum b ku çoktan yedik  
613,2,insan öldükten    ruh nedir bunla ilgili video yapacak mısınız 
614,2,  üniversitede sayısal elektronik adında  dersimiz vardı dersimizin konusu çip denilen entegreler içindeki transistörler  çiplerin dolayısıyla karmaşık sistemlerinin birbirleriyle  iletişimi konu ediliyordu ozaman  f adındaki entegre yi yavaştan kodluyorduk hoca demişti   işin  ilkelindeyiz adamlar süper pozisyon qbyte teknolojisini kullanacaklar yakında demişti  qbyte teknolojisi hayata geçerse gelişmiş bilgisayar insanoğlunu yönetir derdi hep hoca içimizden yuh  derdik tahayyül edemezdik dejavu oldum şaşırdım   büyük önemli belkide tehlikeli belkide insanlığın geleceğine yön veren gelişmeler  ürkütücü 
618,1,klonlanma  ilgili vidoe gelirmiii
619,1,suanda bıssuru tv kanalı boş yayınlar yapıyor senın  videoların  yenılerı ana akım medyada yayınlanmalı
620,-1,şu an  hesaplama yapabiliyor    abartmayın
621,-2,şuanlık bilgisayarlar  üretilen kuantum bilgisayarların  boyutta olacağını tahmin etsek  kuantum bilgisayarların yapay zeka  birlikte   birşey üretebileceğini tahmin etmek zor
623,-1,içeriği beğenmedim   bayıldım   emeğimize sağlık tez zamanda milyon olmanız dileğiyle   sizi seviyoruz     
627,-1,person of ınterest izlemenizi öneririm  video üstüne güzel gider 
629,-3,bilim camiası maneviyattan   yoksun  seviyedeki  buna bilgelik diyorum   gelişmiş zekasını ilkel dürtüleri  kullanıyor yapılan  icatlar saf beden ihtiyaçları üzerine  tamamen silah üretmek  kullanıyor   yerde düşman görüyorlar  ilkel beyin değildir  nedir  yüzden bilim gözümde çocuk seviyesindedir  saf merak üzerinden ilerler  çocuk  oyuncaklarıyla oynarsa bilim adamları  maddeyle oynar bilge  yetişkin aklıdır maddenin yapısıyla  doğasıyla ilgilenir  yüzden saf merak   şeyler icat etselerde ilkel beyinlerini aşamamıştır zekaları kısaca yüksek zekaları ilkel beyinlerinin hizmetindedir
632,-2,kuantum  akıl zaman makinesini  kolayca icat eder  çoktan icat etmiş   
635,1,teşekkürler iyi  
638,2,rica  iyi 
641,1,sokanlar utansın millet  onun  farkında 
643,2, gercegibul  gerçeğin  doğru bilginin peşinde olanların çoğunun sonunu faili meçhul ölümlerle sonuçlandığını geçmişte gördük bende merak uyandıran kısmı bilgisayarların yapay zekanın düşünme yetisine gerçekten sahip olup olmayacağı düşüncesi  konuyuda  iyi anlatımı   doğru bilgiyi  vereceğinizi düşündüğümden gelmeli 
646,2,kuantum boyutlarında bütün verileri işleyebilen  bilgisayar tanrı fikrini insan mantığına oturur hale getiriyor gerçekten    bilgisayar değilde organik  bilinç olabilme ihtimali tanrı fikrinin düşünülmesi gereken asıl tarafı  
647,1,teşekkürler genelde videolardan     gün verebiliyorum  fırsat olmuyor iyi  
648,2,evet  can alıcı noktaya parmak basmissiniz hakikatin varolusumuzun bilgisiyle tanışıp  boyutlu varlıklar olduğumuzu  teknoloji  yapılabilen herşeyi  iç gücümüzle yapabileceğinin idrakine varabilecegimizi   bilginin  çağ gereği herkese açıldığını  ermişlerin yapabildigi herşeyi anda ihtiyacımız  bilginin evrenden bize geleceğini idrak edebilen   yapabilecek fizik beden duygu  düşünce farkındalığı  zihin hakimiyeti  konsantrasyon çalışmalarını adanmışlık  disiplin  yapabilenler  güce kavuşacaklardir  onlar akıl beden teknoloji   akıl beden aşk iz  onların robot köleleri olmak zorunda değiliz  hayat herzaman eşit    insan formunda  insan olma şansını verir  gorebilenler  kanalın sözünü ettiği yüksek akla geciceklerdir  konunun derinliğini kısaca anlatabilmek  uzun cümleler getirdi   
649,-1,ileride yapacağım
651,1,ana akım kavramı içindeki    insanlığın yararına çalışmıyor   devir bitti 
652,1, gercegibul   mehmet ali bulut un  vıdeo cekmesı  ülke yonetımıne tsk   üst düzey makamlara ders vermenız ülke yararını düşünenler   aciliyet  zorunluluk şuanda övmek  söylemiyorum
657,-1,kanalı bi kaç saat  keşfetmiş biri  tek kelimeyle bayıldımmmm gizli bilgiler aşığı biri  mistisizm açlığımı karşıladı niye   geç keşfettim onu anlamadım  şeyde  hayır  dır diyor başarılarınızın daim olmasını diliyorum    
660,1,   kalite elinize  sağlık ufuk açmak tam  nedir  yapılırın mutfağısınız teşekkürler
664,-3,para para para
668,-1,istikbal akıldadır 
673,-1,enerjiyi yüksek maliyetle üreten ülkelerin sanayide   alanda kullandıkları enerji nükleer füzyon elde edilen binlerce kat  ucuza mal  enerji  kıyaslandığında arada dev  uçurum   
677,-1,elon musk   önümüzdeki   yıl  herşey kökten değişecek demişti  quantum teknolojisinden   gelişmiş aı lardan bahsediyor   kökten değişecek şuan kullandığımız telefon televizyon bilgisayar buzdolabı vs   teknolojik aletlerden tutun      
679,1,yapay zeka dünya  el atarsa karınca kolonileri  yaşarız   basit galaktik herhangi  ırk  griler    insanız gerekirse dünyayı   dünyaları  ederiz  kabul etmeyiz 
683,2, komik gelecek   insan dürüst vicdanlı erdemli birer birey olursa yapay zeka ona zarar veremez tehdit edemez zorla birsey yaptıramaz tabiki öngörülü korkusuz  bilinçli olmak kaidesi  insan zihnini kendimiz yönlendiriyoruz yeni teknoloji algılar haric  yapay zeka  zaman  ana mekanizmaya iletişime veri akışına ihtiyaç duymakta  engellemek  zaman mümkün dünyayı karartmak pahasına  olsa evet gerçekten korkulması gereken büyük  muazzam  güç karşısında durabilecek hicbirsey   görünüyor  unutmayın bizler türküz birsey uretemesekte ibneliklerini  zaman bulmusuzdur   mizahı şaka 
685,0,ayrica enigma codlarini düñya in hic  computer imkansiz cozulemezdi   calisan almanyada kadinin kendisinden duydum cünkü aralarinda kapali kapilarda mors alfabasi anlasmali belirli kisilerle yapildi   hic  system  hic  ileri teknoloji patlatamaz mauthauk projekte cocuklarai  yaslar arasinda  sefer zamani portallarindan goderip geri getiriyorlardi  ögrendiler  ikimiz seninlen anlassak  ik kisa mors  uzun c harfi uzun tek kisa z harvi  sadecd ikimiz bütün alfabasi yapsak dünyanin bütün yapay zekasini getirsinlerde hadi cikartsinlar nah cikartirlar vesselam
687,1,şunu net söyleyebilirim  insanoğlu teknolojide   ilerlerse  fazla insan  kolay ölmeye başlıyor  
690,1,devir bilgisayar devri sözünü  iyi anlatan video  bravooo harika   
692,2, almanyada dating portallarda hepsi chat cpt neyse  erkek ariyom diyor hemen arabada bulusup  basliycam diyor tamam diyom su su saate burada bulusalim  ismin    renk seviyo uzatiya lafi uzati diyom hanim efendi anonym bulusmak istiyordun  uzatiyon lafi adres belli ip numaram belli velhasil kelam  kac sefer keriz  bekledik  gelen   giden anladiki  ai birdaha yermiyim tövbeler  sayfalarim yalan kusursuz heeeeeepsiiiiiii
695,-2,evimize aldığımıx laptoplarda işlemci olmayacak ram rom olmayacak ekran kartı olmayacak basit  cihaz  kuantum servere bağlanacağız  herşeyi oradan yapacağız kuantum bilgisayar tek dünya devletinin  silahıdır 
700,1, einstein ında düşüncelerinin geçtiği tanrının formülü kitabını okursan   tehdit  tam tersi bütünlüğe uzanan  aracı  göreceksin  ayrıca vahdeti vücut panteizm panenteizm südur teorisiyle ilgili videolar gelse  güzel  
701,1,  iyi azına zihnine sağlık bro
705,2,plaket  tebrik  kaliteli araştırma videoların   
706,5,qubit  dolanıklığı ifade eder  maddenin iki tarafta görünmesi       maddenin  hallinin  maddedinin farklı yerlerde olma ihtimali  anlamak  boyut kavramını çözmek lazım   ileri seviye fizik ötesi  durum  çoğu kişi anlayamayacak malesef  fizik kanunlarının farklı  yerinde
707,1,hocam uyku problerime çözüm oldunuz uykuya dalmakta zorlanıyordum sayenizde düşünmekten  uyuyamaz oldum teşekkürler  
708,2,alan turingle alakalı vidyo yapsanız iyi olurdu 
710,1,resmen insan beyni duruyor  çağ be kardeşim  sesine sağlık adete bilgi dağarcığı gibisin tebrik  seni      
711,1, yıldır quantum mekanik  quantum programlama üzeirnde araştırma yapmıştım oturup   çalışmaya  yeni başladım quantum programlama yapay zekanında ötesinde  durum anlamak  fizik  matematik bilmeniz lazım
713,0, bedenini organik  yaratan  qantum pc düşünün  gerçek  kusursuz  quantum insan teşekkürler dostum bilimin sınırı  tabi   milyarda  bin kişi bilir diğerleri kaldıramaz pardon bide şu  quantum peygamber  
714,1,resmen tarih dersi niteleğinde  video muazzam bilgiler kardeşim  sağlık  
715,1, sağlık  bilgilendirici takdire şayan  konu   aydınlatınız   
716,3,dünyanın  iyi kanallarında ana haber sunacak kapasite  yetenek  muhteşem anlatım hitab iyiki varsın
718,1,  başyapıt   profesyonel  sağlık kardeşim  
720,1,dijital çıktı insanlık uzatmalari oynuyor
721,-1, numara video
723,-2,abim  adamsın ciddi diyorum bak kafamdaki   soruya cevap verdin hamza yardimcioglu ramazan kurtoğlu abdullah ciftciyide izlerim kucuklugumden beri  senin videolar on numara
731,1,  kaliteli gerçekten
733,1,süper yapay zekaya emredin  bütün insanlığın bilgisi onda dediğini duyunca aklıma hemen deccale   uygun tanımlar  aklıma  tıpkı deccali tanımlıyor    
734,1, yılında  alınan commodore    kb lık hafızada basic dilini öğrenip şifreleme cevaba göre otomatik yönlendirme oyun tasarlama vs yapmıştım  zamanlar  mucize  geliyordu  windows çıktı öncesinde dos kullanıyorduk kara ekran ortada komutlar vs   somut gelmiyordu görsellik  gelişen teknoloji konuyu ayrı  yere taşımıştı şimdi  yeni piyasaya çıkan iphone    nm işlemci  herkesin elinde kullanılabilir hale    nm çip seri üretiliyor şuan işin sonu kesinlikle kötü  teknolojinin yapay zekanın duyguları     çalışmayacak bağımsız olacaklar   böcekleri ilaçlamamız  bizleri birer parazit  görüp  edecekler haketmiyor muyuz bunca kötülükten  fazlasıyla hakediyoruz  içerik  teşekkürler  bey   
743,0,olanla oluşturulan arasındaki hakikati bilmeden yola çıkanlar terminatör süreci başlatabilir  aptal  makinanın yönetimine boyun eğebilir günümüzde   bilmedikleri onlar tanrıcılık oynarken hakikat yolunda yürüyenlerin eğlenecek olduğudur  kal sağlıcalıkla 
744,1, sağlık allah ilminizi  araştırmalarınızı artırsın sevgi  saygılarımle   değerli takipçilerinize
750,0,benedict cumberbatch in alan turing i canlandırdığı enigma filmini izlemiştim birden aklıma  nerden biliyorum    düşündüm
753,-1,insan hayatını kolaylaştırmanın dışında kalan bilim  teknoloji yapay zeka  insanlığın sonunu getirecek maalesef  
755,2,kanalın uzun zamandır takipcisiyim gerçeği bul cidden gerçegin bulunabilecegi ciddi ilkeli güvenilir  samimi    vieolarını izlemenizi  konuyu idrak edebilecek kişilere tavsiye etmenizi şiddetle öneririm selamlar
760,1,teşekkürler iyi  
761,1,onun cozumu emp bombasinda  uzun zamandir  urettigimiz cozumleri kullaniyoruz aselsan sagolsun 
762,1, sonraki hedef   zeki  varlık kendisine kıyasla aptal denilebilecek insanlar tarafından yönetilmeyi kesinlikle kabul etmez 
763,3,zamanı ileri doğru düşünmekte israr edenler  algoritmik zeka  değilse  yarın tehdit  algılanır ancak konuyu ille  ileri doğru düşünmek zorunda değiliz düşünelim  zeka   an itibariyle  mutlak arkeolojise bitişmiş halde nihai pozisyonuna birikmiş kendini tamamlamıştır 
764,1,iyi  
765,1,teşekkürler iyi  
766,1,hahaha iyi düşünmeler 
768,0,tavsiyem iki günde   saatlik spor antrenmanı mens sana in corpore sano   
769,-1,hocam yapay zeka coini grt coin   düşünüyorsunuz ilerde nerelere gider sizce  popüler olmaya başladı heryerde adı geçiyor
771,-1,doğrudan onunla alakalı olmaz  araştırdığı konuyu içeren  video 
772,1,işte orası cidden muamma dediğim  potansiyeli cidden  büyük
773,1,teşekkürler iyi  
775,0,teşekkürler video isteklerini topluluk sekmesindeki video istekleri başlığına yazarsanız  iyi  yorumlar gözümden kaçıypr
777,2,rica  iyi 
778,2,rica  iyi 
779,-1, gercegibul  yorumlarıma neden cevap vermiyorsunuz  bey üzdünüz 
780,2,rica  iyi 
781,1,teşekkürler iyi  
782,1,teşekkürler iyi  
783,1,teşekkürler iyi  
784,2,rica  iyi 
785,1,  iyi 
788,2,rica  iyi 
789,1,teşekkürler iyi  
791,2,rica  iyi  
792,1,rica 
793,1,teşekkürler iyi  
795,1,teşekkürler iyi  
798,1,iyi  
801,1,  te abartılı   az  söylenmiş    yıl öncesine bakıp günümüze kıyasla  yaşamış  insanlar diyorsak  fazla  yıl   şeyleri bizler   söyleyecekler şu anki teknolojimizin  yıl sonraki teknoloji yanında  çöp ten farkı kalmayacak   gerçekten   heyecan verici hemde fazlasıyla korkutucu 
804,3, teknolojinin yapay zekayla birleştiğini düşünmek  ürkütücü  insanın aklına sayısız komplo getiriyor acaba aladdin   yapay zekalardan biri   faydalı şeyler yapılabilir  teknolojiyle misal vermek gerekirse su sorununu çözmek  ölümcül hastalıklara çare   insanoğlunun  yararlı  şeye kullanmaktan   sonumuzu getirmek  kullanacağını düşünüyorum  çoğu insanda   dediğime katılacaktır eskiden hep gelecekteki teknolojiyi görmek  uzun yaşamak isterdim galiba  isteğimden  vazgeçeceğim  göreceğimiz şeyler pek  güzel olmayacağa benziyor elinize sağlık cidden  iyi  araştırmacısınız 
814,1,  fırsat  tehdit  zaman    teknolojiyi iyi  kötü amaçlar  kullananlar olucaktır    arada yapay zeka görsel üretimi  leonardo ai önerebilirim günlük uretim hakki   bitince temp mailden yeni  hesap acıp yeni  uyelik olusturabilirsiniz   
816,1,merhabalar iyi yayınlar
818,-1, kardesim su yapay zeka robot meselelerine girmesen hani cem yılmaz  mutfak robotu demek istemiyorum   az  yili 
819,1,ruhumuz  ölümden sonrakı hayata ait video yayınlaya bilirmisin 
823,1, yapay zeka beni korkutuyor iyice gerildim izlerken 
827,1, bey  harikasınız    aboneliği iptal ettim sizle bilgileniyoruz   net  sıkılmadan video lariniz izliyoruz tskederim  
829,1,kredi kartı kullanımı kapalı katıl  olamadım iban dan bende olayım 
831,-1,selamlar bazen  garip hissediyorum   aklımdan geçen  haber video olay vs  kaç gün  google  karşımda çıkıyor buna inanmak istemiyorum   normal 
835,-1, önemli chatgpt e miras hesaarken yüzde hesaplattım ardından eksi mesela  dedim ekşi  gitti ops haklısın düzelttiğin  dedi tamam alakasız    ilginç 
838,-1, k plaka gelmis hayirli   m bekliyoruz umarim  kisa zamanda alirsin  basarilar
840,1,heyecan  merakla bekliyoruz
841,1, sonumuzun  az kaldığına eminim  iyi bilgiler ellerinize sağlık
843,1,gerçeği bul süleyman ilgili  zaman video gelir
846,1, türklerin mitolojileriyle ilgili  video gelir  
847,-1,tabii dünya  zamana   olmazsa 
848,2,peki   kablosuz elektrik üretimini çözdüğümü söylesem   wi fi mantığı  aynıdır  cihaz üzerinde  sinyali alan  alıcı yoksa  cihaz çalışmaz düşünsenize  cihazın güç kaynağına  wi fi   alıcı bağladınızı   alıcı üzerinden elektrik aldığınızı
851,-1,globalistler yeni dunya düzeni  kullanacakları şeylerden   teknolojiye  suru türkiye   dünya devletleri sahip olmayacak ulus devletlerinin çoğunu çökertebilirler dünya   tane gücün tarafa bağlı kalır hemde somutsal topraksal   süper güçlerin kontrolünde kalırlar 
852,-1,düz dünya teorisi üzerine  video yapsan  düz dünyacılar gerçekleri   senden dinlese ciddiye almıyoruz  sayıları oldukça fazla
854,1,bek bike bıyık yarilama orta ortalama bük lemek bükmek pek pik puk lemek kub kubun küpün  olmak bekliyor um
856,-1,kitap tavsiyeleriniz üzerine video yapar mısınız  bey sizi yeni keşfettim muhteşemsiniz umarım yakın zamanda hakan yedican hocamla tanışır ortak yayın yaparsınız 
857,1, çalışma  içerik kalite bütün videoları izledim yenilerini sabırsızlıkla bekliyorum başarılarınızın devamını diliyorum
859,1,zümrüt tabletleri   video gelir  acaba  
865,1,mrb kozyrev aynası deneyini evde denicem demiştiniz yapabildiniz  acaba 
870,1,merhaba bekliyoruz  belgeselde durum fazlasıyla ürkütücü gerçeklerle dolu
872,3, izleyip  anladığım kuantum fiziği uygulanabilir teknolojilere dönüşürse senaryo pandora nın kutusunun açılmasına benzer olacaktır  gelişimin ürünü  hız  yıkıcılık  kalmaz  düşünüyorum kuantum dolanıklığı anlatılırken parçacıkların mesafe  zamandan bağımsız   etkileşimde olmaya devam ettikleri mantığı  güzel vurgulanır ancak vurgu sonrasındaki tek yorum ışık hızından  hızlı anlık iletişim mümkündür şeklindedir  dolanıklığı bilinen parçacıkları ayırarak iki bilgisayar tasarlamayı başardığınız takdirde geliştireceğiniz kodlama  yüzlerce ışık yılı uzaktaki   galakside  olsanız anlık iletişim sağlayabilirsiniz kuantum fiziği  ilgili bildiklerimiz doğru   mantıkla yapılan bilgisayarda gelecekte yapılacak iletişimin geçmişte  günümüzde alınması  mümkün olmalıdır  tablo teknolojiye sahip olanların kesin denebilecek ön görü  istihbarat sağlama potansiyeline  sahip olacakları anlamına gelir   bilim kurgu filmlerinde dizilerinde gördüğümüz daktilo benzeri zamanlar arasında iletişim kurulan cihazlar  bilim kurgu   yorumlanabilir 
876,1,saygı değer administer  bey şahsen gelecekle alakalı disutopik senaryolar maalesef yavaş yavaş olsada emin adımlarla  şimdiden emeklerinize sağlık  daim bilgilendirici spesifik  özgün içerikli yayınların devamını dört gözle bekliyoruz 
877,-1, dinler tarihi serini izledim güzel bilgiler verdin araştırma seven  insanım müslümanım sözler köşkü  izlerim evrim ağacı  sizide sözler köşkü  röportaj yapsanız güzel olmazmi  ortak yonlerinizde  hakikati bulmak     
878,2,sizce  teknolojiler insanlık   fırsat mı yoksa  tehdit    sahte bayrak operasyonu       simülasyon teorisi       çift yarık deneyi      gerçeği bul a destek olmak  kanala katılabilirsiniz   birbirinden özel içeriklerimizden haberdar olmak  linke tıklayarak abone olabilirsiniz 
881,1,teşekkürler iyi  
884,7, gercegibul saygıdeğer değerli admin ilgili video  konu burası   kur anı kerimi   prof dr gazi özdemir in tercüme  tefsirinden okumanızı önemle tavsiye    videonuzdan  türkçe kuranı  kez  okumaya karar verdim   bilimsel  ilmi zekası   çevirmenin kaleminden okumak istedim  kez iyi   okumuşum  hala tekrar tekrar okuyorum hele kitabın başında temel kavramlar   bölüm  resmen aydınlanma yaşadım okurken tavsiye  fırsat bulursanız okuyun lütfen 
890,-1,ileride yapacağım
891,1,destek    iyi 
896,1,teşekkürler iyi  
900,1,teşekkürler iyi  
903,1,iyi  
904,2,rica  iyi 
905,1,teşekkürler iyi  
906,2,rica  iyi 
908,1,teşekkürler iyi  
912,1,pek yapamam   çalışma yapım biraz dağınıktır  konu belirkedikten  bulduğum hemen herşeyi okuyorum  özetliyorum  videolarda sık sık kişilerden  kitaplarından bahsediyorum onları araştırabilirsiniz
914,0,merhaba  nerden geldik nereye gidiyoruz konularında meraklı iseniz  hamza yardımcıoğlu nun kök isimli kitabını    kitaplarını şiddetle tavsiye   
916,2,merhaba jose rodriues dos santos un tanrının formülü  süleyman ın anahtarı kitablarını okuyabilirsiniz  kitap  kitabın devamı niteliğindedir  tam   kuantum olayını anlatıyor kitap gerçek bilimsel bilgilere dayanmaktadır burada anlatılanlardan   şaşıracağınız durumlar olcaktır şimdiden iyi okumalar  
917,1,teşekkürler iyi  
923,-1,hayır henüz vaktim olmadı  yazık   ileride  gün yapacağım
925,1,iyi  
926,1,teşekkürler iyi  
927,1,videoyu izledikten  siz karar verin
928,1,teşekkürler iyi  
930,1,kuantum dolanıklığı konusunu  okuduğumda  an aklım almamıştı kainatta iki parçacık aralarında   mesafe olursa  anlık  bağlıydı ışık hızı  yanında bebek emeklemesi  kalıyor dediğiniz mantıklı dolanık iki parça sayesinde buradan aklımızın almayacağı mesafelere bilgi aktarımı yapılabilir baş döndürücü
931,2,kuantumun yasaları gereği  iletişim imkansız gözlemci olaya dahil olduğunda dalga fonksiyonu tek  ihtimale çöküyor  parçacığa baktığınız zaman diğerinin durumunu  bilmiş oluyorsunuz  göndermek istediğiniz komutu asla tasarlayamassınız  yüzden ışıkdan hızlı iletişim imkansız oluyor  tabi  dahi durumu değiştirebilir  bilemem  kuantum fiziği  adeta  yasa  kanun  engeller mesela  dolanık çifte  baktığınızda farklı dizilimler elde edersiniz bazen     bazen   vb göndermek istediğiniz komutun      varsayalım  sistemi  bozuşunuzda dalga fonksiyonunun çöküşü     komutu gelmesse   peki  göndermek istediğiniz mesaj binlerce datadan oluşuyorsa  zaman  datanın sistemin çöküşüyle oluşması  alıcıda anında yansıması olasılığı sıfıra yakın olacaktır verici  mesela  çiftlerden birine  bakışınızda göndermek istediğiniz komutun oluşmadığını  kendinde oluşan komutun doğru olmadığını nereden bilecek tabi  bilemeyecek işte kuantum fiziği  sınırlarını    ihtimallerle koruyor 
932,0, bilimbaykusu   mantığını yorumladım dolanık parçacıkları elde edip kullanabildikten   ön şart  matematik  mantık geri kalanı halledebilecek metotlara sahip  iletişim protokolünü  algoritma halinde hazırladığın  mesajı gönderen   algoritmayı kullandığı takdirde  parçacık çiftinin planlanan etkileşimine verdiğin kod isminin algoritmadaki karşılığını harf rakam sembol kelime  cümle bularak dikte etmekten  işin kalmayacaktır sonraki parçacıkların algoritmadaki karşılığını  yanına ekleyerek mesajı  araya getirip okumak mümkün   gelen cevabın    olmasını   sinyalin gelmesi halindeki planlanmış karşılığını mesaja çevireceksin şifreleme yazılımı  düşünmeye çalışırsan ön şart  mümkün  uygulama  mümkün hale gelir buradaki tek  önemli sorun parçacığın kendini gerçekleştirmesinin tespit edilebilmesi  kadarını   aklım almıyor tabii  
933,2, muzaffercelik dolanık parçacıklar elde etmek kolay  şifreleme   yapılıyorlar  momentumun korunumu gereği önceden  bütün  iki parçadan  tanesi sağa dönerse diğerinin  sola dönmesi gerekir  momentumun korunumu  doğa yasasıdır birbiriyle dolaşık yapılan iki parçacıkdan biri spin aşağı  diğeri kesinlikle spin yukarı olacaktır ancak tuhaf  durumu şöyle izah edeyim   elinizde  misket  bunları dedektörden geçiriyorsunuz  dedektör siyah  beyaz  ayırıyor dedektörde  siyah  beyaz  ayrıldığını varsayalım    siyahı alıp tekrar  dedektörden geçirirsen  beyaz   siyah ayrılacak işte  kuantumun garip doğasıdır  olasılıkcı doğa yüzünden iletişim kurmak mümkün olamıyor iletişim kurulsa  istediğimiz bilgiyi  tamamen anlamsız datalar gönderebiliriz   kaçık  çözer  şuanki yasalar  ilkelere göre imkansız 
939,-2,  yıl   maksimum  yıl  insanlığın sonunun geleceğini öngörüyorum  engellemenin yegane yoluda insan beyini  ai ın birleşmesi  mümkün  düşünüyorum yoksa insanlık  olmasa  ai ın kölesine dönüşeceğine   şüphe  zira gezegendeki  akıllı varlıklar    canlılara hükm ediyoruz  yaratdığımız bizden yüzlerce kat zeki  varlığın bize hükmetmesinden  normal   öngeremiyorum malasef 
941,1,kesinlikle tehdit dinamitin  bulunuş amacı madenlerde insanların ölmemesi idi  savaşların  numaralı vazgeçilmezi oldu
942,1, yapay  biziz  dünyaya ait   tür olduğumuza inanmıyorum   dünya dışı  müdahale sonucu ortaya çıkan bizler   dünya  anomaliyiz doğa   başından beri farkında  yaradılışımızdaki  zayıf halkayı çoktan çözdü tanrıya ulaşmak   zaafımızla besliyor merak ettiriyor araştırtıyor bilgiye açlığımızı giderek arttırıyor  bizden bizzat  yarattıklarımız sayesinde kurtulacak  kaya milyarlarca yaşında  üstündeki kendini  halt sanan  insanoğlu ancak  göz kırpması  zamandır varız 
